campaign_id,month,region,spend,impressions,clicks,conversions
CAM200,2024-04-01,Jakarta,4943866,176904763,23278039,2320699
CAM200,2024-04-01,West Java,35282258,1134563982,53461630,706214
CAM200,2024-04-01,Central Java,33657231,1241111749,178560816,31626158
CAM200,2024-04-01,East Java,26367694,876607049,99560670,11175411
CAM200,2024-04-01,Bali,7659074,181275546,11033649,1430157
CAM200,2024-04-01,Banten,21319542,748490005,37867002,1721810
CAM200,2024-04-01,Sumatra,25631808,998711239,123140473,23232444
CAM200,2024-04-01,Kalimantan,3676558,98278597,4976990,832801
CAM200,2024-04-01,Sulawesi,50968423,899275166,70152254,7382520
CAM200,2024-04-01,Yogyakarta,13531019,315253523,22868811,1804805
CAM200,2024-05-01,Jakarta,1762667,35354578,360078,24668
CAM200,2024-05-01,West Java,11994145,167385006,13570862,1921140
CAM200,2024-05-01,Central Java,40826796,961889464,79522135,13039750
CAM200,2024-05-01,East Java,25593951,589635261,40380031,6236254
CAM200,2024-05-01,Bali,7239998,121090185,7298758,392463
CAM200,2024-05-01,Banten,37455348,1258439458,76802730,15196532
CAM200,2024-05-01,Sumatra,24839417,871023427,97713465,14887849
CAM200,2024-05-01,Kalimantan,9580394,343503531,27674472,3870441
CAM200,2024-05-01,Sulawesi,39471337,731673274,66265116,2214221
CAM200,2024-05-01,Yogyakarta,41778267,471472741,49321109,4379276
CAM200,2024-06-01,Jakarta,5632184,89140507,6077451,504576
CAM200,2024-06-01,West Java,43486065,1226779275,16164237,3021002
CAM200,2024-06-01,Central Java,13438489,464501197,17668353,2121121
CAM200,2024-06-01,East Java,18981088,696442912,49608033,1206238
CAM200,2024-06-01,Bali,62742171,1915705495,144645255,3998472
CAM200,2024-06-01,Banten,17158818,206901534,17634991,712883
CAM200,2024-06-01,Sumatra,1101382,15547677,504866,12426
CAM200,2024-06-01,Kalimantan,12237992,419369297,30762713,3268391
CAM200,2024-06-01,Sulawesi,1105555,19598208,1688302,254114
CAM200,2024-06-01,Yogyakarta,23476851,318104808,37952528,3002779
CAM200,2024-07-01,Jakarta,30115156,968499249,132704288,24549710
CAM200,2024-07-01,West Java,22076915,396729977,55943678,5426796
CAM200,2024-07-01,Central Java,5333075,73658285,5918769,690379
CAM200,2024-07-01,East Java,6823182,261362710,30911220,5235971
CAM200,2024-07-01,Bali,19932927,489576344,18678164,628341
CAM200,2024-07-01,Banten,8095082,323382896,5460791,512316
CAM200,2024-07-01,Sumatra,14090815,382432426,11854175,1884142
CAM200,2024-07-01,Kalimantan,15348085,482991604,64945899,10962842
CAM200,2024-07-01,Sulawesi,21344958,535676056,63007755,11135590
CAM200,2024-07-01,Yogyakarta,4195593,139644011,9835301,719189
CAM200,2024-08-01,Jakarta,17111236,684349413,54076565,2682952
CAM200,2024-08-01,West Java,2914651,78009226,6727522,329611
CAM200,2024-08-01,Central Java,32557118,578635905,33661546,6671368
CAM200,2024-08-01,East Java,18281749,431115868,52194454,8148306
CAM200,2024-08-01,Bali,34614587,1321465679,120514584,6642654
CAM200,2024-08-01,Banten,19366065,571812206,19951538,393753
CAM200,2024-08-01,Sumatra,17402550,434891592,49814460,5823643
CAM200,2024-08-01,Kalimantan,2278392,37775387,1741482,204496
CAM200,2024-08-01,Sulawesi,11910096,143238500,4870181,959583
CAM200,2024-08-01,Yogyakarta,24854536,881405822,71933942,10377957
CAM201,2024-08-01,Jakarta,4610224,83774857,10596572,274531
CAM201,2024-08-01,West Java,7277986,265178347,13945366,1873347
CAM201,2024-08-01,Central Java,7522105,220873487,31508313,562147
CAM201,2024-08-01,East Java,18737356,641181623,40870515,4072753
CAM201,2024-08-01,Bali,14083639,366734959,4704215,188797
CAM201,2024-08-01,Banten,14720329,404485613,12160214,1150684
CAM201,2024-08-01,Sumatra,6589385,237941842,28224804,732659
CAM201,2024-08-01,Kalimantan,15520779,501567388,14849149,2040818
CAM201,2024-08-01,Sulawesi,4193918,44060824,1375820,37828
CAM201,2024-08-01,Yogyakarta,2386424,73399960,1032413,131499
CAM201,2024-09-01,Jakarta,4005647,152185834,6326431,801812
CAM201,2024-09-01,West Java,1191060,30597877,491133,36871
CAM201,2024-09-01,Central Java,1373603,41342415,3133117,259757
CAM201,2024-09-01,East Java,1569440,20409466,2511381,89645
CAM201,2024-09-01,Bali,8095726,135841032,13519657,1309114
CAM201,2024-09-01,Banten,7574507,187378372,9835076,1143048
CAM201,2024-09-01,Sumatra,4830142,115808218,2093309,95071
CAM201,2024-09-01,Kalimantan,13550565,494381122,9784870,877017
CAM201,2024-09-01,Sulawesi,5637114,185815999,21218874,3854085
CAM201,2024-09-01,Yogyakarta,309045,10759587,1117718,201115
CAM202,2024-10-01,Jakarta,2716267,73533142,1102586,118604
CAM202,2024-10-01,West Java,12436517,226343210,22554790,2232409
CAM202,2024-10-01,Central Java,22336958,402060547,59457208,10887553
CAM202,2024-10-01,East Java,2052511,27319010,378311,23456
CAM202,2024-10-01,Bali,12568546,393647079,58033546,8425742
CAM202,2024-10-01,Banten,17040350,681337469,74551852,11534622
CAM202,2024-10-01,Sumatra,16127451,502265734,64848952,12407675
CAM202,2024-10-01,Kalimantan,7290207,221743641,9899851,1228470
CAM202,2024-10-01,Sulawesi,6975430,162147782,13634457,1300447
CAM202,2024-10-01,Yogyakarta,12213748,180384267,2999609,141689
CAM202,2024-11-01,Jakarta,26225245,395409241,9963423,1518078
CAM202,2024-11-01,West Java,16268646,511316045,28503745,1853117
CAM202,2024-11-01,Central Java,8728705,118101956,4088701,642733
CAM202,2024-11-01,East Java,7145868,215844486,14961611,1601819
CAM202,2024-11-01,Bali,8073337,317884392,6447412,412275
CAM202,2024-11-01,Banten,5961091,127336001,15857835,2909011
CAM202,2024-11-01,Sumatra,7587175,220839668,18342025,1696169
CAM202,2024-11-01,Kalimantan,6786121,149541981,18151236,2814981
CAM202,2024-11-01,Sulawesi,2533332,94352983,8017283,1386847
CAM202,2024-11-01,Yogyakarta,2627149,68786104,8976468,256241
CAM202,2024-12-01,Jakarta,8170775,293945626,41576746,8257876
CAM202,2024-12-01,West Java,14070557,160844058,4932275,376252
CAM202,2024-12-01,Central Java,44134899,688726519,66636343,12280996
CAM202,2024-12-01,East Java,8954467,212528986,13306713,1593545
CAM202,2024-12-01,Bali,6815470,271391551,23365627,2336325
CAM202,2024-12-01,Banten,20193270,316572480,38977057,2321391
CAM202,2024-12-01,Sumatra,20988926,230786441,19012662,900637
CAM202,2024-12-01,Kalimantan,32109088,1210772060,144830580,6422864
CAM202,2024-12-01,Sulawesi,33873456,1018525680,128860613,15337837
CAM202,2024-12-01,Yogyakarta,19974415,378289910,13453350,1710616
CAM203,2024-10-01,Jakarta,4448290,44556855,4240240,334165
CAM203,2024-10-01,West Java,23178072,569719407,38166583,5099407
CAM203,2024-10-01,Central Java,20677745,787499710,101370038,18738966
CAM203,2024-10-01,East Java,17289839,557818233,59943386,10743589
CAM203,2024-10-01,Bali,41521476,849329016,107541771,15330145
CAM203,2024-10-01,Banten,19863750,666787428,90718191,4674182
CAM203,2024-10-01,Sumatra,19837951,787297723,60650735,3237586
CAM203,2024-10-01,Kalimantan,16811854,206494642,19514625,3647921
CAM203,2024-10-01,Sulawesi,14783101,588392497,63441520,2590530
CAM203,2024-10-01,Yogyakarta,701238,24645204,321114,17435
CAM203,2024-11-01,Jakarta,31286907,1047550451,119903746,2351823
CAM203,2024-11-01,West Java,22383154,595431586,59662448,2508171
CAM203,2024-11-01,Central Java,35822641,420173817,59335554,7202795
CAM203,2024-11-01,East Java,27030527,947207474,13865871,845705
CAM203,2024-11-01,Bali,8789838,274042537,17843698,1102863
CAM203,2024-11-01,Banten,1096108,38379431,2506394,293752
CAM203,2024-11-01,Sumatra,10372418,107501023,8429170,1116014
CAM203,2024-11-01,Kalimantan,29349667,967238999,90607258,16864937
CAM203,2024-11-01,Sulawesi,11954809,437716484,7394876,265573
CAM203,2024-11-01,Yogyakarta,5292184,54605933,7133282,682946
CAM203,2024-12-01,Jakarta,855306,13346216,1300135,180820
CAM203,2024-12-01,West Java,9044234,268467813,34333121,5042217
CAM203,2024-12-01,Central Java,21621295,792780200,43687804,548147
CAM203,2024-12-01,East Java,52461208,1556353328,65991137,3816363
CAM203,2024-12-01,Bali,28556717,413727707,51979224,3396714
CAM203,2024-12-01,Banten,49496496,1129748421,69035640,11212910
CAM203,2024-12-01,Sumatra,26655935,764622219,24012531,4094380
CAM203,2024-12-01,Kalimantan,13031254,228270284,25735953,1649276
CAM203,2024-12-01,Sulawesi,10362510,336126328,29563694,5255270
CAM203,2024-12-01,Yogyakarta,16006923,521640937,16279107,1401826
CAM204,2023-11-01,Jakarta,13485286,265166274,28133819,1435235
CAM204,2023-11-01,West Java,36001190,970445400,92775349,2142852
CAM204,2023-11-01,Central Java,21295558,605891313,89111891,10973727
CAM204,2023-11-01,East Java,22564925,266513771,32425107,539870
CAM204,2023-11-01,Bali,9990816,358362148,11492331,1237857
CAM204,2023-11-01,Banten,18995615,384146511,29000757,2005953
CAM204,2023-11-01,Sumatra,12345082,333146169,14428354,2854574
CAM204,2023-11-01,Kalimantan,10694322,260000383,34137561,482817
CAM204,2023-11-01,Sulawesi,23991868,361959070,45044612,3607536
CAM204,2023-11-01,Yogyakarta,14193486,413821749,56178897,7285161
CAM204,2023-12-01,Jakarta,37698775,438896266,52073661,6592745
CAM204,2023-12-01,West Java,3204888,39976947,4518698,514387
CAM204,2023-12-01,Central Java,21296323,600151754,23778912,3012130
CAM204,2023-12-01,East Java,33208352,1144101439,148157740,3656774
CAM204,2023-12-01,Bali,15711508,392121353,14388748,1654919
CAM204,2023-12-01,Banten,13102571,449321377,30133184,452791
CAM204,2023-12-01,Sumatra,3951977,153407939,16319123,1292963
CAM204,2023-12-01,Kalimantan,40443719,1428876854,167491976,13740450
CAM204,2023-12-01,Sulawesi,10976480,205923407,24492034,4405036
CAM204,2023-12-01,Yogyakarta,25180724,317158220,5700193,462410
CAM204,2024-01-01,Jakarta,21467379,218853180,32513092,2573358
CAM204,2024-01-01,West Java,35473853,493554231,60045401,8698605
CAM204,2024-01-01,Central Java,21850536,275849648,28086694,5143701
CAM204,2024-01-01,East Java,3190876,118283345,5891474,790926
CAM204,2024-01-01,Bali,24280741,545677288,28374567,545397
CAM204,2024-01-01,Banten,38828034,1169569195,117084087,6592566
CAM204,2024-01-01,Sumatra,2296780,56808914,3008448,88349
CAM204,2024-01-01,Kalimantan,2667691,91080604,12625713,2277460
CAM204,2024-01-01,Sulawesi,54900513,1417352409,57712023,9327927
CAM204,2024-01-01,Yogyakarta,6613788,112418719,9229299,656639
CAM204,2024-02-01,Jakarta,7104240,257295802,23125077,4090450
CAM204,2024-02-01,West Java,5599043,152670862,11429863,1547978
CAM204,2024-02-01,Central Java,45742732,1750475330,115104075,5664672
CAM204,2024-02-01,East Java,13127976,245040678,9582150,817808
CAM204,2024-02-01,Bali,2487130,73877262,7050465,1019414
CAM204,2024-02-01,Banten,15768608,295383343,8310233,1414108
CAM204,2024-02-01,Sumatra,21235978,429800845,62461280,7675884
CAM204,2024-02-01,Kalimantan,25418359,414359606,49618887,6962312
CAM204,2024-02-01,Sulawesi,32154010,865179210,97763218,5992931
CAM204,2024-02-01,Yogyakarta,23267552,448271633,38768028,5563270
CAM205,2024-04-01,Jakarta,22134759,505619569,64700279,10549095
CAM205,2024-04-01,West Java,16895009,333138720,31722224,5598415
CAM205,2024-04-01,Central Java,11275427,257649240,19339428,3785633
CAM205,2024-04-01,East Java,14598171,157393634,14032259,396473
CAM205,2024-04-01,Bali,26198910,623934241,43731244,7893244
CAM205,2024-04-01,Banten,5076634,193805188,23895097,3964647
CAM205,2024-04-01,Sumatra,2900361,31268462,1350353,212135
CAM205,2024-04-01,Kalimantan,7809806,137118700,8959466,1763230
CAM205,2024-04-01,Sulawesi,5312536,101111454,2562922,264185
CAM205,2024-04-01,Yogyakarta,11582044,399902920,34469616,555557
CAM205,2024-05-01,Jakarta,6857694,195380431,20691606,984420
CAM205,2024-05-01,West Java,28835663,991733680,52279525,6349984
CAM205,2024-05-01,Central Java,16877302,583968736,6614332,70726
CAM205,2024-05-01,East Java,23566754,793476478,111248383,3604692
CAM205,2024-05-01,Bali,8615469,131963879,13923785,1542587
CAM205,2024-05-01,Banten,1768424,45291401,5857492,846011
CAM205,2024-05-01,Sumatra,14699063,278701870,7439747,652647
CAM205,2024-05-01,Kalimantan,734964,16885431,1158420,21333
CAM205,2024-05-01,Sulawesi,14850180,183297689,26036121,751994
CAM205,2024-05-01,Yogyakarta,8057896,293858839,3749862,577419
CAM205,2024-06-01,Jakarta,10592985,233600278,4654978,725367
CAM205,2024-06-01,West Java,2977245,34325315,2646671,390057
CAM205,2024-06-01,Central Java,5892205,193103636,23134058,4287019
CAM205,2024-06-01,East Java,8614263,179985147,8277778,1263985
CAM205,2024-06-01,Bali,7093571,156840342,17216767,3174447
CAM205,2024-06-01,Banten,14310047,477614324,47635335,1024920
CAM205,2024-06-01,Sumatra,1114867,26427353,3319790,230678
CAM205,2024-06-01,Kalimantan,13008487,456690297,47087845,2857889
CAM205,2024-06-01,Sulawesi,1242472,16413452,836486,96062
CAM205,2024-06-01,Yogyakarta,1025432,15824898,1558396,197916
CAM205,2024-07-01,Jakarta,7843241,165755845,3901322,206877
CAM205,2024-07-01,West Java,28353498,834437422,115448807,15253207
CAM205,2024-07-01,Central Java,1676960,21747771,2295908,133251
CAM205,2024-07-01,East Java,9498303,219359702,9887956,727207
CAM205,2024-07-01,Bali,11004664,373700677,27727404,1329971
CAM205,2024-07-01,Banten,9592085,156483994,9583373,1698807
CAM205,2024-07-01,Sumatra,1630759,40474214,1970992,232691
CAM205,2024-07-01,Kalimantan,8529962,113953375,3389766,562717
CAM205,2024-07-01,Sulawesi,12107825,162291046,2836577,356207
CAM205,2024-07-01,Yogyakarta,12219886,371365708,40781240,7655251
CAM205,2024-08-01,Jakarta,948882,11439512,1504514,241612
CAM205,2024-08-01,West Java,5252500,95592194,4940279,575746
CAM205,2024-08-01,Central Java,2394803,76448982,3965502,380494
CAM205,2024-08-01,East Java,3560361,96008539,13078474,1361987
CAM205,2024-08-01,Bali,24945224,680849847,95826267,6840736
CAM205,2024-08-01,Banten,3095612,85674241,9515782,1493679
CAM205,2024-08-01,Sumatra,2801547,42880188,4403702,176191
CAM205,2024-08-01,Kalimantan,11037607,206867580,26712166,2593987
CAM205,2024-08-01,Sulawesi,778199,9755736,1443344,175714
CAM205,2024-08-01,Yogyakarta,5258766,64714443,7894177,1466835
CAM206,2023-08-01,Jakarta,25575467,505704823,7541204,1008757
CAM206,2023-08-01,West Java,18635684,693786549,23243962,275129
CAM206,2023-08-01,Central Java,2208962,24295415,1953305,136100
CAM206,2023-08-01,East Java,9214387,148660679,15797384,1206293
CAM206,2023-08-01,Bali,28553496,317530552,25414202,4379892
CAM206,2023-08-01,Banten,15716701,344674074,36272530,6502005
CAM206,2023-08-01,Sumatra,1053714,20812480,886385,53481
CAM206,2023-08-01,Kalimantan,5414182,75358477,10606975,396658
CAM206,2023-08-01,Sulawesi,5516414,209571029,24268320,3883972
CAM206,2023-08-01,Yogyakarta,6197992,137879243,6452090,770331
CAM206,2023-09-01,Jakarta,36440227,1337353578,187147261,10338612
CAM206,2023-09-01,West Java,6012289,218724968,6920480,1201950
CAM206,2023-09-01,Central Java,9543034,106633553,5946210,1063117
CAM206,2023-09-01,East Java,1322013,14465451,895834,38343
CAM206,2023-09-01,Bali,12839642,296357896,14323486,1747097
CAM206,2023-09-01,Banten,3746382,98857426,4275902,594496
CAM206,2023-09-01,Sumatra,22005881,846067502,22177700,1631976
CAM206,2023-09-01,Kalimantan,6406159,219789512,25579766,2610180
CAM206,2023-09-01,Sulawesi,8528952,227426386,27470335,3269718
CAM206,2023-09-01,Yogyakarta,11121929,231832749,20003053,2053061
CAM207,2024-12-01,Jakarta,26833637,979864692,10513705,1970133
CAM207,2024-12-01,West Java,34929954,1245907342,93934582,15841604
CAM207,2024-12-01,Central Java,6193478,184095813,24267513,4357498
CAM207,2024-12-01,East Java,36221781,722327245,106326612,7521776
CAM207,2024-12-01,Bali,42015198,1187154976,77268684,14937303
CAM207,2024-12-01,Banten,47794293,488827721,44079493,6447309
CAM207,2024-12-01,Sumatra,60196205,609910854,6127300,611075
CAM207,2024-12-01,Kalimantan,4127974,68780118,5239192,113251
CAM207,2024-12-01,Sulawesi,24571511,278636041,15859238,1338089
CAM207,2024-12-01,Yogyakarta,34724610,914763890,135590124,21759997
CAM208,2023-11-01,Jakarta,57736120,1425284612,153207575,4747013
CAM208,2023-11-01,West Java,23069748,580436235,62906439,9542450
CAM208,2023-11-01,Central Java,14488109,344739814,13591682,2370783
CAM208,2023-11-01,East Java,20778016,549391358,34865499,5713636
CAM208,2023-11-01,Bali,19158492,254576817,34460114,576835
CAM208,2023-11-01,Banten,26803352,782126177,108799977,4224078
CAM208,2023-11-01,Sumatra,28211803,923302205,77177416,9932771
CAM208,2023-11-01,Kalimantan,39972622,1313276228,78219640,15595276
CAM208,2023-11-01,Sulawesi,7121670,148689847,4146902,137155
CAM208,2023-11-01,Yogyakarta,5108895,156615044,3188438,155037
CAM208,2023-12-01,Jakarta,2139768,38585473,3475233,671728
CAM208,2023-12-01,West Java,51603076,788598779,37132756,910299
CAM208,2023-12-01,Central Java,15339396,409575220,18309069,1029970
CAM208,2023-12-01,East Java,52497944,1843107306,166022638,29135763
CAM208,2023-12-01,Bali,40580107,748303567,69850199,9857606
CAM208,2023-12-01,Banten,23880923,940767346,74440783,6269531
CAM208,2023-12-01,Sumatra,27812702,816693649,13286080,1501490
CAM208,2023-12-01,Kalimantan,1996883,39636865,3015614,487772
CAM208,2023-12-01,Sulawesi,1566259,34361860,1449710,107570
CAM208,2023-12-01,Yogyakarta,56214407,2052784561,289827825,21672692
CAM208,2024-01-01,Jakarta,9532994,332734926,34982838,1919601
CAM208,2024-01-01,West Java,17666579,456578631,61374158,5051557
CAM208,2024-01-01,Central Java,38083592,1233572492,172990784,31560332
CAM208,2024-01-01,East Java,2206790,53640803,3777256,497726
CAM208,2024-01-01,Bali,22765626,536261621,19808187,3563105
CAM208,2024-01-01,Banten,42327798,555353786,66609829,9489026
CAM208,2024-01-01,Sumatra,24230704,951659850,83840793,9850312
CAM208,2024-01-01,Kalimantan,15442110,358091252,18730587,426405
CAM208,2024-01-01,Sulawesi,7677419,201618692,18999296,2386855
CAM208,2024-01-01,Yogyakarta,16315569,571487929,43817461,8661701
CAM208,2024-02-01,Jakarta,26321459,302983418,30742997,5280755
CAM208,2024-02-01,West Java,74583626,1377213457,124709170,11926738
CAM208,2024-02-01,Central Java,16691123,595614164,81801442,7806779
CAM208,2024-02-01,East Java,8303789,253373054,13609289,2487945
CAM208,2024-02-01,Bali,39404500,1055333820,17316642,3239342
CAM208,2024-02-01,Banten,50097886,1308591457,143180221,2960940
CAM208,2024-02-01,Sumatra,41682316,1390331525,163802786,8680515
CAM208,2024-02-01,Kalimantan,77011245,944764423,133308621,8664440
CAM208,2024-02-01,Sulawesi,27739111,1082730447,26213488,2741194
CAM208,2024-02-01,Yogyakarta,17212850,505472892,14329046,2094417
CAM208,2024-03-01,Jakarta,70717847,2531734464,152788007,10959247
CAM208,2024-03-01,West Java,12648674,485212545,14619417,2654483
CAM208,2024-03-01,Central Java,7463269,108656806,1666624,244498
CAM208,2024-03-01,East Java,19560479,521336791,13154909,2461345
CAM208,2024-03-01,Bali,31338768,784428704,74215275,5011533
CAM208,2024-03-01,Banten,12005689,278610852,18002676,2480548
CAM208,2024-03-01,Sumatra,16739434,337506073,22831285,648625
CAM208,2024-03-01,Kalimantan,6126188,244356871,27641162,735684
CAM208,2024-03-01,Sulawesi,2657094,61580186,7398954,1372213
CAM208,2024-03-01,Yogyakarta,20024117,670123516,96372904,11588258
CAM208,2024-04-01,Jakarta,29921771,641697239,72416579,13489507
CAM208,2024-04-01,West Java,46319184,701691658,27839106,3092551
CAM208,2024-04-01,Central Java,12111752,227090451,27435834,4486882
CAM208,2024-04-01,East Java,15809083,464838401,69256358,8885055
CAM208,2024-04-01,Bali,1250980,24532792,917765,150953
CAM208,2024-04-01,Banten,32524535,642988698,27696465,5057171
CAM208,2024-04-01,Sumatra,32866488,738327990,72608641,6049208
CAM208,2024-04-01,Kalimantan,22130930,613731904,31357964,1203399
CAM208,2024-04-01,Sulawesi,18490282,533639338,73660386,1243027
CAM208,2024-04-01,Yogyakarta,8838325,221566486,15544686,2308652
CAM209,2024-10-01,Jakarta,9176808,335097732,46074223,8854040
CAM209,2024-10-01,West Java,37015258,630589202,23748829,266764
CAM209,2024-10-01,Central Java,34779226,542836258,53834211,8173505
CAM209,2024-10-01,East Java,34969364,1367610281,79669097,6093604
CAM209,2024-10-01,Bali,15198803,152638110,17163862,2623088
CAM209,2024-10-01,Banten,19589607,502839435,30369637,396230
CAM209,2024-10-01,Sumatra,10025935,124334023,14394133,169939
CAM209,2024-10-01,Kalimantan,31276777,1235135340,22380232,2705112
CAM209,2024-10-01,Sulawesi,16374068,341181248,15854099,2741730
CAM209,2024-10-01,Yogyakarta,5205908,113013354,11485899,669953
CAM209,2024-11-01,Jakarta,6862813,189707255,21983521,1946187
CAM209,2024-11-01,West Java,7225480,116028390,3672825,372867
CAM209,2024-11-01,Central Java,27412132,334344269,31422181,3457530
CAM209,2024-11-01,East Java,25181050,407080735,6394529,880728
CAM209,2024-11-01,Bali,4989334,87519006,4665266,593418
CAM209,2024-11-01,Banten,5602389,137114343,10186668,1986896
CAM209,2024-11-01,Sumatra,3292298,90400301,10974766,1007204
CAM209,2024-11-01,Kalimantan,22367004,824851153,35812103,1713822
CAM209,2024-11-01,Sulawesi,24787569,487587663,49383876,7138381
CAM209,2024-11-01,Yogyakarta,27885224,615528823,89486958,11289034
CAM209,2024-12-01,Jakarta,21508413,647370440,29838386,1687910
CAM209,2024-12-01,West Java,26601256,811293040,38716030,4791396
CAM209,2024-12-01,Central Java,18288060,342469379,37727500,6154358
CAM209,2024-12-01,East Java,7523653,224465389,24103525,3465579
CAM209,2024-12-01,Bali,21614840,472189369,21566997,858332
CAM209,2024-12-01,Banten,12874551,490955148,61730776,10674861
CAM209,2024-12-01,Sumatra,29120136,1030882566,33120795,467398
CAM209,2024-12-01,Kalimantan,13914441,551787454,57646063,8828808
CAM209,2024-12-01,Sulawesi,11351484,128233152,16323516,689318
CAM209,2024-12-01,Yogyakarta,16950484,204314270,15815786,666862
CAM210,2024-01-01,Jakarta,30206028,612402348,54774181,3513433
CAM210,2024-01-01,West Java,32298094,496625037,10681521,773213
CAM210,2024-01-01,Central Java,27492173,582083830,70192114,1226305
CAM210,2024-01-01,East Java,22831245,671863145,97607387,10441191
CAM210,2024-01-01,Bali,45173426,493566839,16382886,1393753
CAM210,2024-01-01,Banten,10226230,234996753,13473822,448646
CAM210,2024-01-01,Sumatra,27242359,519279298,57096710,7210683
CAM210,2024-01-01,Kalimantan,18076185,380873189,35381218,2711726
CAM210,2024-01-01,Sulawesi,7468005,271783166,19471583,2507737
CAM210,2024-01-01,Yogyakarta,43464676,1147817144,88737053,16476180
CAM210,2024-02-01,Jakarta,25555618,391796599,47092854,7949827
CAM210,2024-02-01,West Java,38973501,1128594208,80667634,11231986
CAM210,2024-02-01,Central Java,12951150,420972529,41408705,2902799
CAM210,2024-02-01,East Java,10454447,312037039,30804098,2547554
CAM210,2024-02-01,Bali,56419022,608679054,44486493,6856502
CAM210,2024-02-01,Banten,43305565,1104304543,164389464,3349943
CAM210,2024-02-01,Sumatra,16861268,249438295,15870603,627723
CAM210,2024-02-01,Kalimantan,97777778,1963699411,195515102,21782949
CAM210,2024-02-01,Sulawesi,62341678,623888933,72897936,11073279
CAM210,2024-02-01,Yogyakarta,50867625,1894991277,157943040,19824657
CAM210,2024-03-01,Jakarta,53216494,1050414685,37382521,6736880
CAM210,2024-03-01,West Java,27795607,1096620653,123188485,21139045
CAM210,2024-03-01,Central Java,4757657,147287300,12668552,1731322
CAM210,2024-03-01,East Java,49108174,1741378809,57131599,3511785
CAM210,2024-03-01,Bali,3682515,78795827,9671233,1296862
CAM210,2024-03-01,Banten,37291197,431962599,15221504,1965402
CAM210,2024-03-01,Sumatra,60670005,1340199971,148973376,20849757
CAM210,2024-03-01,Kalimantan,44667102,1185928840,111770261,22325338
CAM210,2024-03-01,Sulawesi,15712329,320304613,26785478,1449213
CAM210,2024-03-01,Yogyakarta,5100964,102405063,3632491,259896
CAM210,2024-04-01,Jakarta,7575114,207818991,25783606,2330643
CAM210,2024-04-01,West Java,63873143,1738522179,137084485,20469849
CAM210,2024-04-01,Central Java,30069914,431989975,40977452,4218390
CAM210,2024-04-01,East Java,7183412,182769653,22986035,562220
CAM210,2024-04-01,Bali,36108253,1063486191,53806195,9180072
CAM210,2024-04-01,Banten,36175108,1421595654,202714295,15836285
CAM210,2024-04-01,Sumatra,8982906,98043907,1265502,107756
CAM210,2024-04-01,Kalimantan,98069085,2485392772,221527266,2465014
CAM210,2024-04-01,Sulawesi,7153165,233452023,7094703,1242416
CAM210,2024-04-01,Yogyakarta,31626413,465907966,45597228,8260349
CAM210,2024-05-01,Jakarta,41701218,1151850520,61631648,12316371
CAM210,2024-05-01,West Java,60349858,1369807454,132243020,9905934
CAM210,2024-05-01,Central Java,2971149,112649404,11003836,285566
CAM210,2024-05-01,East Java,45135733,781438772,40316563,4824619
CAM210,2024-05-01,Bali,38581199,1216314965,66064490,10477316
CAM210,2024-05-01,Banten,18081559,540897237,57145340,5799974
CAM210,2024-05-01,Sumatra,23509061,835665624,14855304,568377
CAM210,2024-05-01,Kalimantan,53033119,651646938,90518369,17649765
CAM210,2024-05-01,Sulawesi,42236449,1361781218,76218934,7905446
CAM210,2024-05-01,Yogyakarta,99934827,3778743021,176628762,9567824
CAM211,2023-02-01,Jakarta,12749371,247656817,15451257,1976540
CAM211,2023-02-01,West Java,43303071,1491041956,21628780,412448
CAM211,2023-02-01,Central Java,36304256,992711570,17235617,1008449
CAM211,2023-02-01,East Java,40649272,1524733945,122068262,13871850
CAM211,2023-02-01,Bali,38462652,981019008,134116840,21470391
CAM211,2023-02-01,Banten,26528285,682606320,87336815,2717754
CAM211,2023-02-01,Sumatra,21775235,745661623,71345001,3332870
CAM211,2023-02-01,Kalimantan,25938570,752622835,52544067,9504151
CAM211,2023-02-01,Sulawesi,23434481,278109118,38684103,1688644
CAM211,2023-02-01,Yogyakarta,32281924,531476629,44554887,2483049
CAM211,2023-03-01,Jakarta,38646678,1378885483,186477880,24849923
CAM211,2023-03-01,West Java,36324888,782178800,78793961,14385794
CAM211,2023-03-01,Central Java,15624770,338324834,24006064,575583
CAM211,2023-03-01,East Java,23698918,655353640,39842096,5039644
CAM211,2023-03-01,Bali,63915541,1758212125,28065871,5449124
CAM211,2023-03-01,Banten,26826150,386691736,11631148,487012
CAM211,2023-03-01,Sumatra,4498797,117972165,12740323,2131973
CAM211,2023-03-01,Kalimantan,54485615,2125900039,151937833,28953841
CAM211,2023-03-01,Sulawesi,16581389,504961224,53596752,9760692
CAM211,2023-03-01,Yogyakarta,19932794,206615898,11671842,254753
CAM211,2023-04-01,Jakarta,35226194,570427649,47825650,2332057
CAM211,2023-04-01,West Java,6724770,83215388,7674925,122446
CAM211,2023-04-01,Central Java,6338646,175848126,2472102,294035
CAM211,2023-04-01,East Java,51181889,713247932,66293863,9130519
CAM211,2023-04-01,Bali,3867524,143825567,18562604,3094014
CAM211,2023-04-01,Banten,41767933,1268024748,155834333,21173944
CAM211,2023-04-01,Sumatra,13938721,514502223,6378331,910672
CAM211,2023-04-01,Kalimantan,57225036,2278549839,242110245,4001834
CAM211,2023-04-01,Sulawesi,29560305,691170679,37110936,2264705
CAM211,2023-04-01,Yogyakarta,18161002,526671917,65223665,4333906
CAM212,2023-05-01,Jakarta,14539478,437777895,59607126,776661
CAM212,2023-05-01,West Java,46329721,1326839783,30241334,2788155
CAM212,2023-05-01,Central Java,9036272,227016937,28091945,4250827
CAM212,2023-05-01,East Java,33129554,755989299,110510059,12867413
CAM212,2023-05-01,Bali,9597830,272008173,22629952,259397
CAM212,2023-05-01,Banten,54780265,1635458166,32102886,2529406
CAM212,2023-05-01,Sumatra,70967500,1317603053,42147807,4017811
CAM212,2023-05-01,Kalimantan,23722612,925016860,56259713,1227732
CAM212,2023-05-01,Sulawesi,21161774,816484237,84131450,15894193
CAM212,2023-05-01,Yogyakarta,5110465,125954050,9205638,671859
CAM212,2023-06-01,Jakarta,65812252,1964328601,64430294,9633710
CAM212,2023-06-01,West Java,32997176,1245431462,41568645,2527129
CAM212,2023-06-01,Central Java,5495390,157458209,8517173,350265
CAM212,2023-06-01,East Java,1762819,41599953,1855556,109861
CAM212,2023-06-01,Bali,44253745,1410701375,21159861,1679691
CAM212,2023-06-01,Banten,15115066,205651752,27113647,5110705
CAM212,2023-06-01,Sumatra,3940921,152705048,3304940,437216
CAM212,2023-06-01,Kalimantan,75785633,1829215082,59970587,2902337
CAM212,2023-06-01,Sulawesi,65952843,1862270151,218378542,32884955
CAM212,2023-06-01,Yogyakarta,46092429,1408685973,119400677,6569629
CAM212,2023-07-01,Jakarta,32631120,614892684,75184452,10704430
CAM212,2023-07-01,West Java,25279915,745142648,32930480,5982834
CAM212,2023-07-01,Central Java,6278850,211801757,12642128,2418265
CAM212,2023-07-01,East Java,28948989,296039100,15255488,967945
CAM212,2023-07-01,Bali,62651902,758914992,57663329,6584176
CAM212,2023-07-01,Banten,4262772,83177221,7074047,959426
CAM212,2023-07-01,Sumatra,18008347,619278799,65021725,11633962
CAM212,2023-07-01,Kalimantan,30507372,1097448516,78332919,6455982
CAM212,2023-07-01,Sulawesi,52890868,2001779742,243369312,30607709
CAM212,2023-07-01,Yogyakarta,4505489,176008154,9631006,266956
CAM212,2023-08-01,Jakarta,37006036,686970120,35498546,3517539
CAM212,2023-08-01,West Java,2256274,44025915,5702537,926661
CAM212,2023-08-01,Central Java,21374163,544816660,39377221,2929175
CAM212,2023-08-01,East Java,33790265,1182040674,29232558,1075603
CAM212,2023-08-01,Bali,43770583,1107093304,92156493,4690863
CAM212,2023-08-01,Banten,14718628,400342433,35993839,6611917
CAM212,2023-08-01,Sumatra,12245836,332873634,7584815,369538
CAM212,2023-08-01,Kalimantan,2077317,26041201,1971715,369222
CAM212,2023-08-01,Sulawesi,14479910,242195237,25264048,4547360
CAM212,2023-08-01,Yogyakarta,2910116,78149466,6756239,1297093
CAM212,2023-09-01,Jakarta,39770350,820059330,71846189,9119226
CAM212,2023-09-01,West Java,13520757,231200366,6952794,563554
CAM212,2023-09-01,Central Java,41533820,985656590,98561042,2915145
CAM212,2023-09-01,East Java,36498557,1219422170,147820511,8681690
CAM212,2023-09-01,Bali,31111586,394776045,41699003,8040826
CAM212,2023-09-01,Banten,16779968,637801992,73087050,3943220
CAM212,2023-09-01,Sumatra,5724221,200024871,25792320,3358545
CAM212,2023-09-01,Kalimantan,6692505,218120304,24367019,4468776
CAM212,2023-09-01,Sulawesi,38180329,1236227071,121516431,11073016
CAM212,2023-09-01,Yogyakarta,39730527,872111276,18912344,1233726
CAM213,2023-08-01,Jakarta,21816195,362957354,30428563,1286089
CAM213,2023-08-01,West Java,42622886,1160019487,35535639,2546821
CAM213,2023-08-01,Central Java,31207971,1033133191,42582492,5411128
CAM213,2023-08-01,East Java,22145000,853993498,75883352,10835496
CAM213,2023-08-01,Bali,55025611,1705511149,245930548,30329793
CAM213,2023-08-01,Banten,49318959,1484339197,167152278,9108470
CAM213,2023-08-01,Sumatra,11954795,300937615,22209748,4429977
CAM213,2023-08-01,Kalimantan,44914519,899208438,113674645,14421463
CAM213,2023-08-01,Sulawesi,28599552,756719886,74737572,9112601
CAM213,2023-08-01,Yogyakarta,73175207,2863310852,296180647,57655616
CAM213,2023-09-01,Jakarta,30060994,686084172,29758861,321320
CAM213,2023-09-01,West Java,4103079,129637412,9019497,625855
CAM213,2023-09-01,Central Java,53194451,2088360215,208589390,20377202
CAM213,2023-09-01,East Java,10556985,173005531,11640938,2310020
CAM213,2023-09-01,Bali,658074,10300035,1137090,87524
CAM213,2023-09-01,Banten,13430497,297484315,7272888,809314
CAM213,2023-09-01,Sumatra,7759201,209483308,23327118,2088199
CAM213,2023-09-01,Kalimantan,10118056,260192571,21343675,2111730
CAM213,2023-09-01,Sulawesi,51753199,1683205013,50733825,6503635
CAM213,2023-09-01,Yogyakarta,6040808,129606580,3700248,643064
CAM213,2023-10-01,Jakarta,24640429,269118216,22935179,4252478
CAM213,2023-10-01,West Java,45434906,640338371,57350442,9270341
CAM213,2023-10-01,Central Java,13079032,359497859,34383564,5104403
CAM213,2023-10-01,East Java,48714115,1456714344,58579678,5084996
CAM213,2023-10-01,Bali,57856584,715593891,60807687,4218790
CAM213,2023-10-01,Banten,11643152,328135229,3730278,590276
CAM213,2023-10-01,Sumatra,61607693,949948239,88570664,8065140
CAM213,2023-10-01,Kalimantan,18026407,603370752,7981020,1549802
CAM213,2023-10-01,Sulawesi,50827950,1667747455,107517175,16429474
CAM213,2023-10-01,Yogyakarta,28317709,433733046,22089433,2534853
CAM213,2023-11-01,Jakarta,15009689,371830232,48296831,5283988
CAM213,2023-11-01,West Java,12978769,288911023,23749368,3604247
CAM213,2023-11-01,Central Java,4579611,97956141,5922014,500008
CAM213,2023-11-01,East Java,31219847,782274002,76152015,4120884
CAM213,2023-11-01,Bali,37963279,888471128,109610473,6167134
CAM213,2023-11-01,Banten,47146347,1333074577,176643385,29206342
CAM213,2023-11-01,Sumatra,39424310,906742757,78553741,1711947
CAM213,2023-11-01,Kalimantan,7479764,88187537,2973320,479323
CAM213,2023-11-01,Sulawesi,774251,21308285,1989405,313647
CAM213,2023-11-01,Yogyakarta,25876723,821827055,65587900,8238712
CAM213,2023-12-01,Jakarta,42843984,923448611,9693309,1226697
CAM213,2023-12-01,West Java,2668749,91076433,7922643,485110
CAM213,2023-12-01,Central Java,30888744,988160370,94306254,3989088
CAM213,2023-12-01,East Java,31384831,1245589002,13730711,824691
CAM213,2023-12-01,Bali,4858381,155327478,16632406,2670277
CAM213,2023-12-01,Banten,13684931,407447001,29160000,4155063
CAM213,2023-12-01,Sumatra,18616235,622364818,69016953,9290270
CAM213,2023-12-01,Kalimantan,6701859,146069100,7185160,382853
CAM213,2023-12-01,Sulawesi,50948348,1373779608,57195087,10548749
CAM213,2023-12-01,Yogyakarta,15160628,591267220,66099525,13130219
CAM214,2024-07-01,Jakarta,26095594,420519662,23313189,264714
CAM214,2024-07-01,West Java,29823523,1027584306,61947068,6268531
CAM214,2024-07-01,Central Java,40043099,1266868466,146597572,7621556
CAM214,2024-07-01,East Java,25147492,833820102,81003675,8135748
CAM214,2024-07-01,Bali,32080893,1046114817,137200472,24275991
CAM214,2024-07-01,Banten,42061098,1659488683,104785276,13762375
CAM214,2024-07-01,Sumatra,16823499,523540183,60454680,1360083
CAM214,2024-07-01,Kalimantan,61283030,1847878344,93996666,9685520
CAM214,2024-07-01,Sulawesi,7431225,128669547,7575236,309782
CAM214,2024-07-01,Yogyakarta,7244048,272354769,22947930,1959316
CAM214,2024-08-01,Jakarta,33918968,1277264998,44726005,2958847
CAM214,2024-08-01,West Java,44570114,475868400,14594926,218987
CAM214,2024-08-01,Central Java,39279068,1481067642,221307167,27435412
CAM214,2024-08-01,East Java,1412445,34530991,2308883,289011
CAM214,2024-08-01,Bali,36963499,962610518,103116425,18595211
CAM214,2024-08-01,Banten,5981443,79072043,2336529,250922
CAM214,2024-08-01,Sumatra,16410258,647789928,20689509,2332830
CAM214,2024-08-01,Kalimantan,4937423,127512788,18174199,1532691
CAM214,2024-08-01,Sulawesi,3908939,56180190,2370722,302118
CAM214,2024-08-01,Yogyakarta,4451311,125900201,8694689,118543
CAM214,2024-09-01,Jakarta,41105472,1371168202,76223938,7641692
CAM214,2024-09-01,West Java,16121607,171784449,10376284,1857386
CAM214,2024-09-01,Central Java,19852678,550607078,74283678,10623046
CAM214,2024-09-01,East Java,11849058,225680955,16603496,1825838
CAM214,2024-09-01,Bali,64269102,2435129688,27063021,5010956
CAM214,2024-09-01,Banten,2614171,66529699,5135400,641385
CAM214,2024-09-01,Sumatra,36967447,636448773,30780862,5692619
CAM214,2024-09-01,Kalimantan,5343818,162730365,13144682,1865283
CAM214,2024-09-01,Sulawesi,13364476,189785858,12547453,304889
CAM214,2024-09-01,Yogyakarta,33099066,1265597370,143654246,16205571
CAM214,2024-10-01,Jakarta,43670284,1171943147,109522533,9626608
CAM214,2024-10-01,West Java,25138714,669827714,74426336,13527393
CAM214,2024-10-01,Central Java,42985690,1259259062,82095232,8123633
CAM214,2024-10-01,East Java,66120391,2437357738,71589878,12278806
CAM214,2024-10-01,Bali,37983436,970833404,115600371,13501527
CAM214,2024-10-01,Banten,45158845,1418813297,171623571,17828098
CAM214,2024-10-01,Sumatra,43558417,973509881,24430536,2070453
CAM214,2024-10-01,Kalimantan,53423270,937598802,56005563,2198363
CAM214,2024-10-01,Sulawesi,51924454,1517677361,146290004,16847208
CAM214,2024-10-01,Yogyakarta,6531293,183277789,18805537,3399554
CAM214,2024-11-01,Jakarta,52287004,1977259882,293802811,35386703
CAM214,2024-11-01,West Java,5977226,201002361,2790223,58060
CAM214,2024-11-01,Central Java,5437307,136122974,8391397,252306
CAM214,2024-11-01,East Java,28731659,516012611,52284816,6076126
CAM214,2024-11-01,Bali,21770801,394849302,47885837,2565273
CAM214,2024-11-01,Banten,11667592,364457781,12963565,415957
CAM214,2024-11-01,Sumatra,55609421,1102052002,112572008,3781342
CAM214,2024-11-01,Kalimantan,10833371,235604763,4824713,483812
CAM214,2024-11-01,Sulawesi,20058073,227858486,13814214,2123685
CAM214,2024-11-01,Yogyakarta,23814229,502107818,34772734,4073260
CAM215,2023-03-01,Jakarta,17773569,195285544,18574390,3535234
CAM215,2023-03-01,West Java,34179587,821760964,82418456,9525150
CAM215,2023-03-01,Central Java,32706693,1059343133,84284342,8239152
CAM215,2023-03-01,East Java,21555186,511577431,6283616,270649
CAM215,2023-03-01,Bali,24350419,447117772,37186821,2809196
CAM215,2023-03-01,Banten,6694031,238576711,5007472,734894
CAM215,2023-03-01,Sumatra,20229922,385824174,16753790,1975258
CAM215,2023-03-01,Kalimantan,18621027,582504513,10832790,1999707
CAM215,2023-03-01,Sulawesi,5240337,129563231,9423490,1836905
CAM215,2023-03-01,Yogyakarta,41147540,568394784,45962568,5080747
CAM215,2023-04-01,Jakarta,20443215,215915950,23658303,3438850
CAM215,2023-04-01,West Java,5197828,140605590,14839944,389185
CAM215,2023-04-01,Central Java,16818349,423992087,50143550,7224318
CAM215,2023-04-01,East Java,5452695,213055855,6806649,1171099
CAM215,2023-04-01,Bali,33892336,625610150,31470974,5732239
CAM215,2023-04-01,Banten,6380361,178764323,4911455,792479
CAM215,2023-04-01,Sumatra,33865514,1136022646,29191136,2405449
CAM215,2023-04-01,Kalimantan,25264548,989636713,111832573,1447670
CAM215,2023-04-01,Sulawesi,16548943,235255003,26543571,4627713
CAM215,2023-04-01,Yogyakarta,14670127,301316579,17477719,1259598
CAM215,2023-05-01,Jakarta,10268951,380076052,20140814,915841
CAM215,2023-05-01,West Java,38224701,1449676026,48089759,1798929
CAM215,2023-05-01,Central Java,22040165,537894706,50484284,2235048
CAM215,2023-05-01,East Java,20518793,471546351,49570191,4745173
CAM215,2023-05-01,Bali,9332815,208374336,2757323,377807
CAM215,2023-05-01,Banten,24645632,280491791,41554461,2497533
CAM215,2023-05-01,Sumatra,4278728,137589820,7037488,838823
CAM215,2023-05-01,Kalimantan,8140058,162057243,18066444,2281443
CAM215,2023-05-01,Sulawesi,2881803,84212049,10432033,797008
CAM215,2023-05-01,Yogyakarta,12843862,248416861,3189133,497416
CAM215,2023-06-01,Jakarta,18798698,587481680,74036907,4758733
CAM215,2023-06-01,West Java,10410194,328127582,41595393,519748
CAM215,2023-06-01,Central Java,15655773,193184175,17275995,1581165
CAM215,2023-06-01,East Java,840107,15578742,399756,51965
CAM215,2023-06-01,Bali,6231093,230221177,17358039,1466829
CAM215,2023-06-01,Banten,35901269,385977777,28081210,3539593
CAM215,2023-06-01,Sumatra,14545798,569385256,80898161,4897306
CAM215,2023-06-01,Kalimantan,12360588,293673413,11500744,1659895
CAM215,2023-06-01,Sulawesi,7104735,258452293,8463558,188184
CAM215,2023-06-01,Yogyakarta,10567404,144695612,11000231,1421164
CAM215,2023-07-01,Jakarta,17269739,596158120,25567359,3543268
CAM215,2023-07-01,West Java,7129777,224073946,9072029,395163
CAM215,2023-07-01,Central Java,13182902,224371599,8012896,95282
CAM215,2023-07-01,East Java,13227624,225081677,3941473,360875
CAM215,2023-07-01,Bali,29914772,1071662206,12154338,2353318
CAM215,2023-07-01,Banten,16897459,297033399,22579021,1744144
CAM215,2023-07-01,Sumatra,15601872,505384702,75252389,9524528
CAM215,2023-07-01,Kalimantan,7224890,288250299,25139545,3597235
CAM215,2023-07-01,Sulawesi,13277295,508219428,16923057,1109319
CAM215,2023-07-01,Yogyakarta,6848592,81233600,1740708,116129
CAM216,2023-10-01,Jakarta,22319076,253198519,36472947,6967981
CAM216,2023-10-01,West Java,18018590,492939293,21318016,1275085
CAM216,2023-10-01,Central Java,21731681,407183895,50104639,5084516
CAM216,2023-10-01,East Java,19920133,518027637,28241129,3107049
CAM216,2023-10-01,Bali,49852469,1028287951,110231230,20816626
CAM216,2023-10-01,Banten,17569079,533946428,13181329,2315972
CAM216,2023-10-01,Sumatra,21781584,255066657,16148199,2932662
CAM216,2023-10-01,Kalimantan,1887806,71613434,4674763,427055
CAM216,2023-10-01,Sulawesi,26922355,405398187,5107115,642803
CAM216,2023-10-01,Yogyakarta,23360990,381451830,23585978,3860105
CAM216,2023-11-01,Jakarta,20538676,239249619,33909788,3951912
CAM216,2023-11-01,West Java,27776477,929396158,30966806,597450
CAM216,2023-11-01,Central Java,28802677,940344185,77486087,9198076
CAM216,2023-11-01,East Java,10294180,345974938,35256871,3475491
CAM216,2023-11-01,Bali,69657462,2043256398,126788431,16155918
CAM216,2023-11-01,Banten,25291268,485597888,32526080,3872007
CAM216,2023-11-01,Sumatra,15619521,512771685,43280724,989322
CAM216,2023-11-01,Kalimantan,27627001,902217622,49851628,9384808
CAM216,2023-11-01,Sulawesi,7326601,127271505,1434755,132605
CAM216,2023-11-01,Yogyakarta,19308830,654630851,83753675,7222389
CAM216,2023-12-01,Jakarta,13767809,157316881,15695520,349117
CAM216,2023-12-01,West Java,41786596,666809160,57034329,2553402
CAM216,2023-12-01,Central Java,33032423,788073634,24286778,3582966
CAM216,2023-12-01,East Java,14102275,343821484,25279077,4342254
CAM216,2023-12-01,Bali,16955329,320205278,42244327,569536
CAM216,2023-12-01,Banten,38118714,1092317768,127227174,18814539
CAM216,2023-12-01,Sumatra,52249601,1534608403,101803756,10146040
CAM216,2023-12-01,Kalimantan,56624295,1028668880,59550414,11126428
CAM216,2023-12-01,Sulawesi,19484537,582799144,86666138,14426114
CAM216,2023-12-01,Yogyakarta,26340055,955727653,79908807,14300887
CAM216,2024-01-01,Jakarta,9770996,237232738,11334331,1653605
CAM216,2024-01-01,West Java,70650009,2586356793,189899010,29740414
CAM216,2024-01-01,Central Java,63618582,1605307947,156712177,22424937
CAM216,2024-01-01,East Java,22055510,849351871,63814782,9138453
CAM216,2024-01-01,Bali,53208370,1405416793,187525765,17870469
CAM216,2024-01-01,Banten,6774543,204722883,26388003,958518
CAM216,2024-01-01,Sumatra,4576333,66044947,8146731,1355696
CAM216,2024-01-01,Kalimantan,23901693,717575640,96493918,8766570
CAM216,2024-01-01,Sulawesi,23765241,296308749,39967184,7000042
CAM216,2024-01-01,Yogyakarta,65997688,2147284217,82400028,11274835
CAM216,2024-02-01,Jakarta,64213057,2242562784,317065422,55511294
CAM216,2024-02-01,West Java,27400302,969391409,92137721,7581501
CAM216,2024-02-01,Central Java,6036156,119793868,9043080,1261766
CAM216,2024-02-01,East Java,83839684,1971734467,126762103,7042667
CAM216,2024-02-01,Bali,13549259,530225391,47905038,1642333
CAM216,2024-02-01,Banten,25502093,662711901,9921109,1891556
CAM216,2024-02-01,Sumatra,8024080,98642585,8998895,325573
CAM216,2024-02-01,Kalimantan,3438256,98618932,2530322,175939
CAM216,2024-02-01,Sulawesi,16759368,422038040,9255282,174355
CAM216,2024-02-01,Yogyakarta,24371882,313451995,21737194,3996964
CAM217,2023-09-01,Jakarta,33272799,1203058556,175848523,27259483
CAM217,2023-09-01,West Java,17088986,264012821,28020309,5577176
CAM217,2023-09-01,Central Java,20051995,498347689,35118900,3088990
CAM217,2023-09-01,East Java,14298539,464176326,61456056,10923703
CAM217,2023-09-01,Bali,11861550,240155310,12801016,1895621
CAM217,2023-09-01,Banten,4884414,103591256,11499166,829343
CAM217,2023-09-01,Sumatra,25113300,803928977,109011374,10049459
CAM217,2023-09-01,Kalimantan,4739752,108848488,11967325,149510
CAM217,2023-09-01,Sulawesi,14555203,438486131,49304957,8098045
CAM217,2023-09-01,Yogyakarta,31740644,736060645,108718929,12842304
CAM217,2023-10-01,Jakarta,5258758,162005893,22593915,993156
CAM217,2023-10-01,West Java,4697714,175968565,8568456,699908
CAM217,2023-10-01,Central Java,16987630,616901727,15460185,266172
CAM217,2023-10-01,East Java,5335540,71431130,1371239,210574
CAM217,2023-10-01,Bali,8668495,182385046,18947036,1000903
CAM217,2023-10-01,Banten,8909555,238947919,28105554,4327820
CAM217,2023-10-01,Sumatra,20349790,747228244,72601434,14385082
CAM217,2023-10-01,Kalimantan,11934476,234128368,21086209,3101343
CAM217,2023-10-01,Sulawesi,24044137,444327707,15883687,321552
CAM217,2023-10-01,Yogyakarta,22832987,451739037,43322580,862547
CAM218,2023-10-01,Jakarta,5245498,110376247,11477668,1928558
CAM218,2023-10-01,West Java,18683631,459403715,51797650,8135147
CAM218,2023-10-01,Central Java,19138212,301925284,27958808,4216364
CAM218,2023-10-01,East Java,6296842,198365581,10306618,428847
CAM218,2023-10-01,Bali,4614207,128184248,7713655,107418
CAM218,2023-10-01,Banten,3098418,92305387,2196139,255904
CAM218,2023-10-01,Sumatra,3236716,49086920,952875,131070
CAM218,2023-10-01,Kalimantan,23849729,309252882,9358799,638522
CAM218,2023-10-01,Sulawesi,21273909,473398962,24723023,624073
CAM218,2023-10-01,Yogyakarta,35835641,1205331628,123148723,13264141
CAM218,2023-11-01,Jakarta,4701440,68928332,4688067,607252
CAM218,2023-11-01,West Java,35764003,1078141844,33277828,2521275
CAM218,2023-11-01,Central Java,2916833,112524356,5285882,140934
CAM218,2023-11-01,East Java,25824905,685889484,11350648,2214644
CAM218,2023-11-01,Bali,17271902,650355035,47538586,3834491
CAM218,2023-11-01,Banten,24602929,732783241,13406110,2573233
CAM218,2023-11-01,Sumatra,7939724,230919694,8371745,355289
CAM218,2023-11-01,Kalimantan,29347951,869793893,70079242,10385545
CAM218,2023-11-01,Sulawesi,13569848,283630193,36948754,3655214
CAM218,2023-11-01,Yogyakarta,12973799,439786016,7825227,1563473
CAM218,2023-12-01,Jakarta,16816934,287822337,30780402,4868062
CAM218,2023-12-01,West Java,7294248,140148915,13135116,560147
CAM218,2023-12-01,Central Java,6009309,200548297,16069958,1271587
CAM218,2023-12-01,East Java,15553038,603450832,70925137,3513388
CAM218,2023-12-01,Bali,16906591,479970947,36259762,5943847
CAM218,2023-12-01,Banten,31469867,1121362044,129127681,20393205
CAM218,2023-12-01,Sumatra,27904781,503107710,67644499,10601449
CAM218,2023-12-01,Kalimantan,17881102,515560669,15594662,1648986
CAM218,2023-12-01,Sulawesi,3871206,40125245,3941640,308292
CAM218,2023-12-01,Yogyakarta,3925154,59145487,8389034,593951
CAM219,2024-11-01,Jakarta,18190022,535380966,58583540,7665090
CAM219,2024-11-01,West Java,22852243,906575382,114531171,13961898
CAM219,2024-11-01,Central Java,29341356,344816291,13972752,2692262
CAM219,2024-11-01,East Java,17275142,567681099,47363139,592083
CAM219,2024-11-01,Bali,35276414,527539770,75930071,3989559
CAM219,2024-11-01,Banten,9374191,263400420,16479161,1270592
CAM219,2024-11-01,Sumatra,12713339,431470424,38833545,7664138
CAM219,2024-11-01,Kalimantan,10372181,119480884,15967594,2711787
CAM219,2024-11-01,Sulawesi,15247547,376427486,54733673,10426358
CAM219,2024-11-01,Yogyakarta,52718207,1965679941,79450874,13339109
CAM219,2024-12-01,Jakarta,45018709,1221711190,26784067,3307987
CAM219,2024-12-01,West Java,18642913,406851775,38158822,3093920
CAM219,2024-12-01,Central Java,8782692,335695581,38628226,395408
CAM219,2024-12-01,East Java,40174307,413471107,25529608,3198401
CAM219,2024-12-01,Bali,25044259,570101250,17981458,3515716
CAM219,2024-12-01,Banten,13137695,187799268,10528358,989510
CAM219,2024-12-01,Sumatra,7932897,116731664,10302843,1402273
CAM219,2024-12-01,Kalimantan,4752363,73919330,3071402,416655
CAM219,2024-12-01,Sulawesi,19400648,268595172,32984296,4196931
CAM219,2024-12-01,Yogyakarta,5248391,180084355,16130102,494279
CAM220,2024-05-01,Jakarta,9374391,239271642,30643652,2846511
CAM220,2024-05-01,West Java,23263761,634764801,56663392,3386367
CAM220,2024-05-01,Central Java,23639213,517829823,76999937,13672053
CAM220,2024-05-01,East Java,27749051,662142140,23761391,1617915
CAM220,2024-05-01,Bali,25878846,943751968,28980319,3088894
CAM220,2024-05-01,Banten,23484617,861340759,127942573,4095260
CAM220,2024-05-01,Sumatra,2885631,87825082,5460494,815414
CAM220,2024-05-01,Kalimantan,16938918,560606028,48632700,5471455
CAM220,2024-05-01,Sulawesi,3346126,88248433,6590156,1193797
CAM220,2024-05-01,Yogyakarta,44323068,942261543,104046292,8854839
CAM220,2024-06-01,Jakarta,6639617,80531509,4545911,443412
CAM220,2024-06-01,West Java,24493681,908069083,38175368,1766912
CAM220,2024-06-01,Central Java,21055523,238558391,9768780,943467
CAM220,2024-06-01,East Java,14264324,361384050,11727011,2110257
CAM220,2024-06-01,Bali,12942911,432260525,62609512,6556243
CAM220,2024-06-01,Banten,16498994,500668222,37486876,3492050
CAM220,2024-06-01,Sumatra,13035616,475263866,61446759,6526234
CAM220,2024-06-01,Kalimantan,13774763,548582880,14023811,1712880
CAM220,2024-06-01,Sulawesi,34539641,1153834870,115543418,3719844
CAM220,2024-06-01,Yogyakarta,7222317,263155100,30248879,4656270
CAM220,2024-07-01,Jakarta,19943496,289163376,16238629,584817
CAM220,2024-07-01,West Java,12978183,403146574,43102720,4192508
CAM220,2024-07-01,Central Java,3558818,69762773,7538140,238289
CAM220,2024-07-01,East Java,32796887,511277478,56589731,7753783
CAM220,2024-07-01,Bali,14160453,208551040,8990167,714858
CAM220,2024-07-01,Banten,30767045,1161872773,21155540,258006
CAM220,2024-07-01,Sumatra,15551758,311383004,26950910,793933
CAM220,2024-07-01,Kalimantan,15404669,446449701,56592396,2405808
CAM220,2024-07-01,Sulawesi,28997599,1092856667,42711255,5333222
CAM220,2024-07-01,Yogyakarta,16579150,467155157,37013714,6790803
CAM221,2023-12-01,Jakarta,9312061,263000870,25606811,2392392
CAM221,2023-12-01,West Java,27751972,887523903,22617876,1137785
CAM221,2023-12-01,Central Java,44687493,1673607110,87932330,13273798
CAM221,2023-12-01,East Java,19526512,517930767,50673370,5139042
CAM221,2023-12-01,Bali,41847350,1486334865,182045253,18702575
CAM221,2023-12-01,Banten,19814705,489542968,21780743,2317368
CAM221,2023-12-01,Sumatra,7040832,141363279,6572294,1260149
CAM221,2023-12-01,Kalimantan,37818115,1085820824,138424992,21350791
CAM221,2023-12-01,Sulawesi,33932505,534363947,75918774,6549759
CAM221,2023-12-01,Yogyakarta,10596528,277663187,26535977,5295606
CAM221,2024-01-01,Jakarta,60870350,1244898594,185212663,17880587
CAM221,2024-01-01,West Java,22552482,567758630,82462224,15662542
CAM221,2024-01-01,Central Java,37466877,572973490,63618505,8106884
CAM221,2024-01-01,East Java,2351493,31165062,3472098,128210
CAM221,2024-01-01,Bali,15851103,420293965,45772832,6412649
CAM221,2024-01-01,Banten,20109260,441085917,57635546,4199432
CAM221,2024-01-01,Sumatra,14169310,294621100,37882323,2738848
CAM221,2024-01-01,Kalimantan,12859275,277334523,16099885,2659201
CAM221,2024-01-01,Sulawesi,36891495,1281798251,138379424,26818394
CAM221,2024-01-01,Yogyakarta,16068700,504532300,42870089,562577
CAM221,2024-02-01,Jakarta,17646467,666716013,81232055,15965195
CAM221,2024-02-01,West Java,14699927,273933583,3913794,109118
CAM221,2024-02-01,Central Java,10360469,367029561,47961714,6094895
CAM221,2024-02-01,East Java,40906005,1500067435,110358664,6916481
CAM221,2024-02-01,Bali,34963392,877655375,49184235,6686062
CAM221,2024-02-01,Banten,18854854,697543623,7358839,582844
CAM221,2024-02-01,Sumatra,10667228,122868601,10749515,709854
CAM221,2024-02-01,Kalimantan,8810968,145579263,6014538,374492
CAM221,2024-02-01,Sulawesi,31197712,328451873,14406473,1323730
CAM221,2024-02-01,Yogyakarta,22199743,746605371,72887073,5410265
CAM221,2024-03-01,Jakarta,46837196,1304177569,156272562,23804990
CAM221,2024-03-01,West Java,21094879,682914321,26600531,4205618
CAM221,2024-03-01,Central Java,52605747,1272400407,47011769,1360872
CAM221,2024-03-01,East Java,51406619,1517788176,45810502,8595439
CAM221,2024-03-01,Bali,42715370,1189399169,141314885,21185088
CAM221,2024-03-01,Banten,24443974,670296445,71634848,12831140
CAM221,2024-03-01,Sumatra,64735612,1641847483,207376044,18909278
CAM221,2024-03-01,Kalimantan,14334248,495206965,73297620,4302931
CAM221,2024-03-01,Sulawesi,4852900,138826432,20040682,1160865
CAM221,2024-03-01,Yogyakarta,4166963,52353642,2442328,82882
CAM221,2024-04-01,Jakarta,6066472,234270041,11478946,1082929
CAM221,2024-04-01,West Java,52429582,1496399222,162776581,27261207
CAM221,2024-04-01,Central Java,49476634,1815803265,154262753,9670001
CAM221,2024-04-01,East Java,44466895,1653462698,25832864,2209433
CAM221,2024-04-01,Bali,31862199,1218604447,174926213,31068126
CAM221,2024-04-01,Banten,32319528,1166363607,138360572,17947833
CAM221,2024-04-01,Sumatra,57674516,2264558713,40839926,1486674
CAM221,2024-04-01,Kalimantan,19130279,640520866,20807937,4067079
CAM221,2024-04-01,Sulawesi,14434738,263323556,23991647,507170
CAM221,2024-04-01,Yogyakarta,10360732,161575796,6943238,1115546
CAM221,2024-05-01,Jakarta,4837078,51717562,3028220,432449
CAM221,2024-05-01,West Java,7450779,277802081,6861337,1360185
CAM221,2024-05-01,Central Java,7324401,74357417,4996313,647841
CAM221,2024-05-01,East Java,22767363,717130686,42326928,6328673
CAM221,2024-05-01,Bali,22613337,433794330,32476286,3397608
CAM221,2024-05-01,Banten,19683663,590860050,59270253,7099751
CAM221,2024-05-01,Sumatra,5999883,124118419,9773752,1809655
CAM221,2024-05-01,Kalimantan,9601718,222424778,27778796,4394927
CAM221,2024-05-01,Sulawesi,17177627,411449857,36585426,7316191
CAM221,2024-05-01,Yogyakarta,37689117,932565351,55607507,9145269
CAM222,2023-07-01,Jakarta,48290153,1145134204,22353065,3122496
CAM222,2023-07-01,West Java,2762135,56933534,6463533,671592
CAM222,2023-07-01,Central Java,3288828,73482570,10218253,1072066
CAM222,2023-07-01,East Java,28419225,932980618,103499032,18813590
CAM222,2023-07-01,Bali,2987826,90754205,2116655,186296
CAM222,2023-07-01,Banten,52247027,2067004379,37118166,5433641
CAM222,2023-07-01,Sumatra,35386656,1384517850,38975639,7024961
CAM222,2023-07-01,Kalimantan,29743183,1101987142,77250718,12723439
CAM222,2023-07-01,Sulawesi,34197172,995099183,29600746,3949805
CAM222,2023-07-01,Yogyakarta,11135082,168238478,2200938,110615
CAM222,2023-08-01,Jakarta,28812844,721615167,32238996,4519282
CAM222,2023-08-01,West Java,31813358,1159122964,116101523,16890154
CAM222,2023-08-01,Central Java,6314296,227070092,28415418,949258
CAM222,2023-08-01,East Java,24919705,736709355,96103033,3522267
CAM222,2023-08-01,Bali,12313475,267052890,3235357,584538
CAM222,2023-08-01,Banten,41132184,485242175,20304539,1203697
CAM222,2023-08-01,Sumatra,29373553,634372875,24519459,547964
CAM222,2023-08-01,Kalimantan,6936454,161925204,18081435,2524793
CAM222,2023-08-01,Sulawesi,4710808,153856216,17074587,1397142
CAM222,2023-08-01,Yogyakarta,2146034,40012178,451782,24266
CAM222,2023-09-01,Jakarta,11670540,153214732,20760786,2517023
CAM222,2023-09-01,West Java,37832897,1146879610,44334735,5651998
CAM222,2023-09-01,Central Java,2935020,111372134,9765689,1817577
CAM222,2023-09-01,East Java,13662604,300845758,32745778,3847748
CAM222,2023-09-01,Bali,19795203,618518500,34789115,1539223
CAM222,2023-09-01,Banten,25962120,366334103,14017938,1227288
CAM222,2023-09-01,Sumatra,16298381,235615174,2500422,485943
CAM222,2023-09-01,Kalimantan,45941490,1830839705,190977830,4408328
CAM222,2023-09-01,Sulawesi,10068152,290985360,37259426,6731706
CAM222,2023-09-01,Yogyakarta,10433509,163267831,3154346,144660
CAM223,2024-11-01,Jakarta,3783901,56766073,4110717,306793
CAM223,2024-11-01,West Java,7236970,212291744,29976981,914124
CAM223,2024-11-01,Central Java,2760260,69536197,8156366,415405
CAM223,2024-11-01,East Java,20762455,603450175,14979481,2697894
CAM223,2024-11-01,Bali,17138937,190273833,23185771,839572
CAM223,2024-11-01,Banten,4298712,77159400,7915686,993682
CAM223,2024-11-01,Sumatra,2473332,93290737,3037116,374907
CAM223,2024-11-01,Kalimantan,5586178,103958802,6193687,95960
CAM223,2024-11-01,Sulawesi,18668583,467109746,29764302,3347923
CAM223,2024-11-01,Yogyakarta,5399299,129142572,6281187,277688
CAM223,2024-12-01,Jakarta,14365145,209513417,3055293,173828
CAM223,2024-12-01,West Java,24602319,685813791,96078978,9089362
CAM223,2024-12-01,Central Java,13377286,230212022,22866211,1871582
CAM223,2024-12-01,East Java,8739300,249398190,12121868,238615
CAM223,2024-12-01,Bali,24014583,939545211,103644806,14480943
CAM223,2024-12-01,Banten,5633006,88308969,4461877,799254
CAM223,2024-12-01,Sumatra,5142179,132069524,14551387,450313
CAM223,2024-12-01,Kalimantan,7915050,142348204,7332788,348626
CAM223,2024-12-01,Sulawesi,1792824,52475612,3870154,445894
CAM223,2024-12-01,Yogyakarta,3431577,115036210,1498069,124141
CAM224,2023-02-01,Jakarta,2596650,83399439,11365536,624158
CAM224,2023-02-01,West Java,6386437,134990425,11219601,225882
CAM224,2023-02-01,Central Java,16676181,581477928,27939590,5074695
CAM224,2023-02-01,East Java,33027162,1101019044,136230883,16213028
CAM224,2023-02-01,Bali,5504174,172735236,25556855,2884020
CAM224,2023-02-01,Banten,7677233,302339220,10524412,757122
CAM224,2023-02-01,Sumatra,7325386,78137102,4467694,779257
CAM224,2023-02-01,Kalimantan,1259725,41402151,5938954,1171401
CAM224,2023-02-01,Sulawesi,14692394,162535625,18598686,2457290
CAM224,2023-02-01,Yogyakarta,5870800,81525522,10763292,839543
CAM224,2023-03-01,Jakarta,8778287,142076095,21151421,3237995
CAM224,2023-03-01,West Java,17055670,254758603,20490128,2130706
CAM224,2023-03-01,Central Java,5749333,119892715,4327063,316208
CAM224,2023-03-01,East Java,17080456,417732042,34915421,1270911
CAM224,2023-03-01,Bali,32564771,993316622,12385066,1387673
CAM224,2023-03-01,Banten,23805067,949393888,123483459,2732428
CAM224,2023-03-01,Sumatra,25416642,864841989,57950466,4099253
CAM224,2023-03-01,Kalimantan,6408756,132738052,17264767,297136
CAM224,2023-03-01,Sulawesi,2166831,47870207,7160337,307450
CAM224,2023-03-01,Yogyakarta,5714569,208361846,3024091,462154
CAM224,2023-04-01,Jakarta,21003940,521634396,77615593,1422766
CAM224,2023-04-01,West Java,5248491,123304574,17138279,1994909
CAM224,2023-04-01,Central Java,1370629,30831905,4475828,554319
CAM224,2023-04-01,East Java,19379237,641475601,63446523,3493805
CAM224,2023-04-01,Bali,26897440,867606905,129722800,21077365
CAM224,2023-04-01,Banten,30805428,447726706,35675684,4292060
CAM224,2023-04-01,Sumatra,11574299,380477169,42203908,8417923
CAM224,2023-04-01,Kalimantan,8440003,224015692,12056185,488414
CAM224,2023-04-01,Sulawesi,24019802,834640443,72069781,3732900
CAM224,2023-04-01,Yogyakarta,7222337,283029262,3053506,602385
CAM224,2023-05-01,Jakarta,36717406,892146509,129301698,11011829
CAM224,2023-05-01,West Java,718683,27567880,328803,37397
CAM224,2023-05-01,Central Java,1641833,20757342,2705387,330878
CAM224,2023-05-01,East Java,26007714,1017704577,82823720,10879310
CAM224,2023-05-01,Bali,13462236,476277498,47738969,7745615
CAM224,2023-05-01,Banten,11673658,344430181,13071374,1579425
CAM224,2023-05-01,Sumatra,25621590,279691921,6369685,156917
CAM224,2023-05-01,Kalimantan,13345620,471389852,53350556,9624806
CAM224,2023-05-01,Sulawesi,3992361,46888646,6062635,902016
CAM224,2023-05-01,Yogyakarta,13352900,285714079,41181654,911057
CAM224,2023-06-01,Jakarta,13210384,147581635,16818375,1225609
CAM224,2023-06-01,West Java,19998832,520841706,61892785,7451723
CAM224,2023-06-01,Central Java,8479671,234668064,2764816,501295
CAM224,2023-06-01,East Java,17602582,642179247,46426561,4942358
CAM224,2023-06-01,Bali,8833089,325538325,39175334,1333523
CAM224,2023-06-01,Banten,21690382,604435486,72545572,11325936
CAM224,2023-06-01,Sumatra,6763699,214560039,17164308,2032398
CAM224,2023-06-01,Kalimantan,21076485,382443302,11684073,764617
CAM224,2023-06-01,Sulawesi,9226329,249580344,4363962,466300
CAM224,2023-06-01,Yogyakarta,8722103,197782413,9847906,1790157
CAM224,2023-07-01,Jakarta,4896604,184794609,15784008,2786155
CAM224,2023-07-01,West Java,2825868,67003473,746193,70305
CAM224,2023-07-01,Central Java,9188268,350531444,7715460,557214
CAM224,2023-07-01,East Java,8614095,286369486,20640193,312918
CAM224,2023-07-01,Bali,20930048,531981989,48599317,1990527
CAM224,2023-07-01,Banten,3223183,73882636,10339160,1128406
CAM224,2023-07-01,Sumatra,2995988,64475012,6270598,586967
CAM224,2023-07-01,Kalimantan,8720453,150471851,3166899,46359
CAM224,2023-07-01,Sulawesi,2715109,54547134,6448054,942034
CAM224,2023-07-01,Yogyakarta,17608463,325087949,43531722,3737435
CAM225,2024-09-01,Jakarta,13616637,176237831,25830944,938083
CAM225,2024-09-01,West Java,10316864,126282366,3954711,73253
CAM225,2024-09-01,Central Java,16424027,331490508,9055278,1201470
CAM225,2024-09-01,East Java,25170724,462817378,67598452,2972134
CAM225,2024-09-01,Bali,13327981,506070861,74601394,12293756
CAM225,2024-09-01,Banten,10806203,186614162,25138068,4619524
CAM225,2024-09-01,Sumatra,19025430,284745912,20185929,2623864
CAM225,2024-09-01,Kalimantan,12268108,123048752,15085910,2699987
CAM225,2024-09-01,Sulawesi,45589187,1206461730,57548022,11501944
CAM225,2024-09-01,Yogyakarta,27083747,825300945,105915204,1253801
CAM225,2024-10-01,Jakarta,10176834,375060827,39736730,3519217
CAM225,2024-10-01,West Java,17323490,558459615,53047028,3468147
CAM225,2024-10-01,Central Java,35436286,1194726256,47792821,3602037
CAM225,2024-10-01,East Java,14528631,368583513,28542652,4359425
CAM225,2024-10-01,Bali,7069757,267123593,24051635,718927
CAM225,2024-10-01,Banten,12037897,191020598,18236081,1638043
CAM225,2024-10-01,Sumatra,41751367,1165219774,13404056,2374677
CAM225,2024-10-01,Kalimantan,24905391,619301696,66383833,1537821
CAM225,2024-10-01,Sulawesi,21758281,446931854,11893669,450804
CAM225,2024-10-01,Yogyakarta,5774112,212251145,13065423,1928834
CAM225,2024-11-01,Jakarta,4172398,102043240,14991592,2560256
CAM225,2024-11-01,West Java,23049158,363972993,32294262,780798
CAM225,2024-11-01,Central Java,9016033,284611768,22374098,3416600
CAM225,2024-11-01,East Java,9840179,315486269,39956997,7259024
CAM225,2024-11-01,Bali,28172787,917343417,29176076,1202110
CAM225,2024-11-01,Banten,2609370,63160473,9455482,868852
CAM225,2024-11-01,Sumatra,33542200,541185234,9844701,1119748
CAM225,2024-11-01,Kalimantan,41990338,871649358,118100676,9751238
CAM225,2024-11-01,Sulawesi,28932693,335311504,7032950,98075
CAM225,2024-11-01,Yogyakarta,18473062,280470253,26594025,1725347
CAM225,2024-12-01,Jakarta,44059546,1465527804,122337413,7837873
CAM225,2024-12-01,West Java,20530209,383766845,13720692,1894826
CAM225,2024-12-01,Central Java,33179591,745480510,17909379,3279605
CAM225,2024-12-01,East Java,18621800,515167381,19056381,670484
CAM225,2024-12-01,Bali,11371598,197055110,26592904,2947670
CAM225,2024-12-01,Banten,24546144,946166550,24323859,4095446
CAM225,2024-12-01,Sumatra,13803647,261088799,20242370,2860725
CAM225,2024-12-01,Kalimantan,10875995,332154505,24188721,4208231
CAM225,2024-12-01,Sulawesi,34076649,1335387928,27484838,292407
CAM225,2024-12-01,Yogyakarta,17849926,515434547,39535068,1333432
CAM226,2024-02-01,Jakarta,17565674,633020060,66052981,8996509
CAM226,2024-02-01,West Java,25726336,587783002,63142736,7076907
CAM226,2024-02-01,Central Java,3894298,137641943,6397088,813243
CAM226,2024-02-01,East Java,31446102,789010510,58287381,5125731
CAM226,2024-02-01,Bali,47436115,564959385,10856984,196744
CAM226,2024-02-01,Banten,35065241,564959726,56781612,7980474
CAM226,2024-02-01,Sumatra,19977579,610236131,45966590,3400431
CAM226,2024-02-01,Kalimantan,65087083,1484326697,96248067,9452591
CAM226,2024-02-01,Sulawesi,6648517,132045675,3565114,351480
CAM226,2024-02-01,Yogyakarta,1357507,17881160,239625,39933
CAM226,2024-03-01,Jakarta,41948530,1098168381,53715964,5574627
CAM226,2024-03-01,West Java,22790819,706784489,19584103,393323
CAM226,2024-03-01,Central Java,65190567,1626881690,122814222,12835088
CAM226,2024-03-01,East Java,27499883,687241823,57722900,8165564
CAM226,2024-03-01,Bali,43058801,964784782,60123075,6730285
CAM226,2024-03-01,Banten,47961635,1481575097,201215519,29123135
CAM226,2024-03-01,Sumatra,79531057,3094275398,99461722,1986326
CAM226,2024-03-01,Kalimantan,65354338,1472312814,58430310,6374330
CAM226,2024-03-01,Sulawesi,35926166,1129629338,165508807,29861594
CAM226,2024-03-01,Yogyakarta,17047455,360489519,23517394,683432
CAM226,2024-04-01,Jakarta,46283508,1684469727,235441175,3447317
CAM226,2024-04-01,West Java,89130290,2282784200,147316887,15986599
CAM226,2024-04-01,Central Java,27929798,357205590,34633641,2158213
CAM226,2024-04-01,East Java,2854088,78069103,5442951,129185
CAM226,2024-04-01,Bali,73095583,984699762,80282848,8387817
CAM226,2024-04-01,Banten,6433127,220333261,25307726,1229049
CAM226,2024-04-01,Sumatra,50514957,1939534470,38877415,3980256
CAM226,2024-04-01,Kalimantan,30378296,1006779431,98428188,1322952
CAM226,2024-04-01,Sulawesi,43912790,697373575,104190925,18802379
CAM226,2024-04-01,Yogyakarta,23167525,451652387,53552154,10001559
CAM226,2024-05-01,Jakarta,35754873,892163681,58455455,11007171
CAM226,2024-05-01,West Java,35185808,1061662512,49444583,3545702
CAM226,2024-05-01,Central Java,79780785,2776300666,133139293,15087362
CAM226,2024-05-01,East Java,53534154,793070711,64654329,5410662
CAM226,2024-05-01,Bali,18205390,723149355,64795270,10185076
CAM226,2024-05-01,Banten,75299989,852748390,27346611,642315
CAM226,2024-05-01,Sumatra,1602967,34897679,1526569,34004
CAM226,2024-05-01,Kalimantan,27634361,936282953,10418364,1771956
CAM226,2024-05-01,Sulawesi,84718561,2711783694,381544504,18971745
CAM226,2024-05-01,Yogyakarta,92995549,2956990747,179053717,20357999
CAM226,2024-06-01,Jakarta,49913965,1554797007,33480133,2597161
CAM226,2024-06-01,West Java,20948673,317976097,9364347,745522
CAM226,2024-06-01,Central Java,15806011,606851921,71083032,10581550
CAM226,2024-06-01,East Java,14057707,363978612,53703456,8166020
CAM226,2024-06-01,Bali,54793199,802875327,9739129,1374622
CAM226,2024-06-01,Banten,4135182,133733530,6402476,828736
CAM226,2024-06-01,Sumatra,47299160,781113687,19464418,677125
CAM226,2024-06-01,Kalimantan,2699917,61990466,3404584,491099
CAM226,2024-06-01,Sulawesi,77293225,2003372196,48765878,7064019
CAM226,2024-06-01,Yogyakarta,12462802,439612780,25211930,1297589
CAM227,2023-10-01,Jakarta,62198022,1254479687,74857561,8992595
CAM227,2023-10-01,West Java,16871642,469036873,67257452,4021850
CAM227,2023-10-01,Central Java,67324127,1216857287,140654417,7787648
CAM227,2023-10-01,East Java,48383435,842654182,92878806,15259975
CAM227,2023-10-01,Bali,10718695,136759154,12384011,2425267
CAM227,2023-10-01,Banten,36617171,955657890,46955202,1924342
CAM227,2023-10-01,Sumatra,22601837,579915641,83155635,10372842
CAM227,2023-10-01,Kalimantan,16307444,650580031,76897448,13585367
CAM227,2023-10-01,Sulawesi,20500911,526104921,19557022,2757597
CAM227,2023-10-01,Yogyakarta,25907286,326161025,36970563,2288786
CAM227,2023-11-01,Jakarta,38679318,760331843,94372573,10805462
CAM227,2023-11-01,West Java,56900499,2051676596,26307814,1480240
CAM227,2023-11-01,Central Java,4994864,183305533,13831435,2371336
CAM227,2023-11-01,East Java,13644947,503046240,35019262,5605023
CAM227,2023-11-01,Bali,19226947,523691034,60908042,1645003
CAM227,2023-11-01,Banten,36947156,1341594051,22208686,1503588
CAM227,2023-11-01,Sumatra,13678085,436330218,15634444,1186053
CAM227,2023-11-01,Kalimantan,32523525,1045863259,151199516,4860137
CAM227,2023-11-01,Sulawesi,24004660,538527787,7862926,281668
CAM227,2023-11-01,Yogyakarta,13402356,495720399,56439654,10989633
CAM227,2023-12-01,Jakarta,22622027,448586898,24572257,1770036
CAM227,2023-12-01,West Java,38049796,820457300,25329623,359843
CAM227,2023-12-01,Central Java,6697092,224776848,5787939,854319
CAM227,2023-12-01,East Java,10487822,360591262,32867273,1800951
CAM227,2023-12-01,Bali,22000654,353211441,40720535,5895592
CAM227,2023-12-01,Banten,7775078,277899498,14983693,707013
CAM227,2023-12-01,Sumatra,42365607,479002386,56145101,6668348
CAM227,2023-12-01,Kalimantan,30505592,1188947295,50041447,1866195
CAM227,2023-12-01,Sulawesi,59403152,1374564026,124063117,18816236
CAM227,2023-12-01,Yogyakarta,63145895,1440060047,73554706,9675107
CAM227,2024-01-01,Jakarta,28555950,645352303,20276588,2011256
CAM227,2024-01-01,West Java,56847369,1409802716,46711422,4147538
CAM227,2024-01-01,Central Java,42473954,1312272046,106307047,5935376
CAM227,2024-01-01,East Java,24057534,619402314,24308285,552830
CAM227,2024-01-01,Bali,30756347,959814152,109673257,16262392
CAM227,2024-01-01,Banten,29277319,799515487,55181476,6813279
CAM227,2024-01-01,Sumatra,35929632,1335618062,23351641,1601781
CAM227,2024-01-01,Kalimantan,20894102,291195845,38882992,6509975
CAM227,2024-01-01,Sulawesi,37568216,1427166983,180257637,18903596
CAM227,2024-01-01,Yogyakarta,45881183,1268076392,71439175,6986470
CAM227,2024-02-01,Jakarta,5281972,163080122,23393883,4514602
CAM227,2024-02-01,West Java,42031980,654506674,70256798,1645777
CAM227,2024-02-01,Central Java,23720341,458023274,7776576,1306895
CAM227,2024-02-01,East Java,10176805,124601186,5637734,247062
CAM227,2024-02-01,Bali,40402833,1379388012,47366032,4909349
CAM227,2024-02-01,Banten,54179715,1518867753,211844116,11316665
CAM227,2024-02-01,Sumatra,48576792,599282797,10681830,580316
CAM227,2024-02-01,Kalimantan,30085729,472562457,35079409,4440479
CAM227,2024-02-01,Sulawesi,13235930,375990140,53542266,7399590
CAM227,2024-02-01,Yogyakarta,43653864,793087283,58369228,9534919
CAM228,2023-07-01,Jakarta,26462032,1049567793,21079239,392662
CAM228,2023-07-01,West Java,5739255,79955089,10545518,151832
CAM228,2023-07-01,Central Java,8192554,310876127,32246353,5910296
CAM228,2023-07-01,East Java,38779778,660403069,24515502,1283498
CAM228,2023-07-01,Bali,12817717,147927120,14073787,1857611
CAM228,2023-07-01,Banten,22745944,777418759,65853154,1978127
CAM228,2023-07-01,Sumatra,49469264,583791206,37823357,3881737
CAM228,2023-07-01,Kalimantan,9428163,174651905,20892069,2872428
CAM228,2023-07-01,Sulawesi,15287192,254090032,4225206,235493
CAM228,2023-07-01,Yogyakarta,20074709,421403874,48734114,4556348
CAM228,2023-08-01,Jakarta,44647293,767721219,100362525,12861113
CAM228,2023-08-01,West Java,34930131,793559664,33274346,775514
CAM228,2023-08-01,Central Java,31153258,1001304782,55901219,9344945
CAM228,2023-08-01,East Java,20552087,214342333,5689239,1005221
CAM228,2023-08-01,Bali,22803976,423147449,51201306,9634555
CAM228,2023-08-01,Banten,31781753,549193157,45915133,2496279
CAM228,2023-08-01,Sumatra,25262145,884450849,56096552,9345034
CAM228,2023-08-01,Kalimantan,11582919,329703765,6541410,1243910
CAM228,2023-08-01,Sulawesi,21153471,744217590,97646395,10665864
CAM228,2023-08-01,Yogyakarta,15970842,213957757,20015823,1546672
CAM228,2023-09-01,Jakarta,12466680,276034228,34551339,4241538
CAM228,2023-09-01,West Java,44341237,807453376,37957023,2802012
CAM228,2023-09-01,Central Java,12113307,204780764,27991191,3683089
CAM228,2023-09-01,East Java,5312829,190616564,25757263,1511047
CAM228,2023-09-01,Bali,20028107,663535654,82244086,8923126
CAM228,2023-09-01,Banten,23896494,351282381,38367949,4315524
CAM228,2023-09-01,Sumatra,14105449,498074295,25432296,3418674
CAM228,2023-09-01,Kalimantan,2220025,69971082,4311970,219600
CAM228,2023-09-01,Sulawesi,25317642,498920105,22623882,1425252
CAM228,2023-09-01,Yogyakarta,26116796,263991895,31529969,4504441
CAM229,2024-02-01,Jakarta,7621360,215241447,17242804,1424629
CAM229,2024-02-01,West Java,20590845,382435143,10378338,1600678
CAM229,2024-02-01,Central Java,22527189,372917630,37725680,5863970
CAM229,2024-02-01,East Java,16658173,340888148,39590539,649630
CAM229,2024-02-01,Bali,28899511,1139719783,56353856,5289701
CAM229,2024-02-01,Banten,3904855,105654304,6752799,212216
CAM229,2024-02-01,Sumatra,32412700,599240742,35373251,2173065
CAM229,2024-02-01,Kalimantan,30504874,1089048835,81083304,13543739
CAM229,2024-02-01,Sulawesi,10079972,398183624,20922263,1496100
CAM229,2024-02-01,Yogyakarta,18316624,601078692,84760382,9089792
CAM229,2024-03-01,Jakarta,672324,8973555,612591,98078
CAM229,2024-03-01,West Java,14542416,388336085,35508163,6132128
CAM229,2024-03-01,Central Java,15717010,424013691,22080147,1458922
CAM229,2024-03-01,East Java,15097985,255523611,35478609,4230234
CAM229,2024-03-01,Bali,14781206,299738337,3954469,244100
CAM229,2024-03-01,Banten,13511702,311909709,8252940,736159
CAM229,2024-03-01,Sumatra,34014847,1091968100,64289159,12178652
CAM229,2024-03-01,Kalimantan,22806157,519842265,72058343,8612189
CAM229,2024-03-01,Sulawesi,22572752,377208359,41982649,5268256
CAM229,2024-03-01,Yogyakarta,20674666,335933707,40698845,7738923
CAM229,2024-04-01,Jakarta,25267370,560434642,69032277,8495957
CAM229,2024-04-01,West Java,30315643,790654670,64905960,1167238
CAM229,2024-04-01,Central Java,1295830,48460577,3255297,322361
CAM229,2024-04-01,East Java,34549598,977237034,50342190,8479768
CAM229,2024-04-01,Bali,3047254,47988462,2278646,145010
CAM229,2024-04-01,Banten,16121845,488487859,11117253,422105
CAM229,2024-04-01,Sumatra,28123992,1006474079,146568272,19580205
CAM229,2024-04-01,Kalimantan,28247838,810277021,24791923,2809182
CAM229,2024-04-01,Sulawesi,13351624,343243779,9602404,751893
CAM229,2024-04-01,Yogyakarta,4661418,63189440,2918939,523499
CAM230,2023-11-01,Jakarta,9176576,197543382,5179887,248847
CAM230,2023-11-01,West Java,2173710,74338890,6841830,856635
CAM230,2023-11-01,Central Java,5820716,205804587,4589414,793999
CAM230,2023-11-01,East Java,22947983,448408007,25755665,3935592
CAM230,2023-11-01,Bali,17634798,691039658,15084438,347176
CAM230,2023-11-01,Banten,25297548,982217369,65506442,969846
CAM230,2023-11-01,Sumatra,15103370,347202516,27215721,605751
CAM230,2023-11-01,Kalimantan,14961166,469426451,47127236,2129726
CAM230,2023-11-01,Sulawesi,5148596,79126265,8071658,1605789
CAM230,2023-11-01,Yogyakarta,24586844,548233464,29473708,5396754
CAM230,2023-12-01,Jakarta,34771347,650433333,76632174,2694907
CAM230,2023-12-01,West Java,38343261,527109346,77358886,15258834
CAM230,2023-12-01,Central Java,33606789,584160743,53439783,4798220
CAM230,2023-12-01,East Java,7254456,217029348,4324931,317231
CAM230,2023-12-01,Bali,1751328,51175096,960766,185716
CAM230,2023-12-01,Banten,1681970,55994503,6736445,111246
CAM230,2023-12-01,Sumatra,49117528,1318398501,102164872,1892585
CAM230,2023-12-01,Kalimantan,18311493,607652103,40435418,5656120
CAM230,2023-12-01,Sulawesi,2404735,34126329,558769,63058
CAM230,2023-12-01,Yogyakarta,32537874,886613028,93349136,6957554
CAM230,2024-01-01,Jakarta,11648002,365319408,11920243,148702
CAM230,2024-01-01,West Java,37002207,1046505206,125171474,17252413
CAM230,2024-01-01,Central Java,25619429,889586602,36884422,2724460
CAM230,2024-01-01,East Java,9020800,329727709,19232685,1560707
CAM230,2024-01-01,Bali,35163379,916479673,119611749,12343942
CAM230,2024-01-01,Banten,13834848,212488757,14154443,1472336
CAM230,2024-01-01,Sumatra,60489402,2149546104,116470655,22498097
CAM230,2024-01-01,Kalimantan,24247797,752900098,9270596,350144
CAM230,2024-01-01,Sulawesi,39144939,819140770,65607711,11939094
CAM230,2024-01-01,Yogyakarta,22434158,305324397,15609573,3057675
CAM230,2024-02-01,Jakarta,19072059,475999322,63676601,7943425
CAM230,2024-02-01,West Java,26705225,290355991,40747458,7755637
CAM230,2024-02-01,Central Java,64066806,2207566478,233656445,39828349
CAM230,2024-02-01,East Java,15027606,326648233,47684529,3658175
CAM230,2024-02-01,Bali,19604377,392587750,23215074,459762
CAM230,2024-02-01,Banten,3800486,133528052,2520512,168252
CAM230,2024-02-01,Sumatra,1628326,46584929,4672352,379080
CAM230,2024-02-01,Kalimantan,12467471,428052366,12586541,1290090
CAM230,2024-02-01,Sulawesi,6982827,223658268,19085558,974798
CAM230,2024-02-01,Yogyakarta,22225410,788121638,104971925,10224506
CAM230,2024-03-01,Jakarta,25245997,311317459,20593557,2530049
CAM230,2024-03-01,West Java,20050015,291386963,17890597,603481
CAM230,2024-03-01,Central Java,8753429,159106543,10517409,1060695
CAM230,2024-03-01,East Java,18938087,486542938,39536793,2770494
CAM230,2024-03-01,Bali,41261709,823917583,117513215,20044388
CAM230,2024-03-01,Banten,56768126,1211811426,59767137,8130146
CAM230,2024-03-01,Sumatra,53047626,1933503649,108420212,9467385
CAM230,2024-03-01,Kalimantan,55754358,2199080650,260518463,24806042
CAM230,2024-03-01,Sulawesi,37551731,996976005,45617267,4231811
CAM230,2024-03-01,Yogyakarta,12738389,411614038,10417766,905661
CAM231,2024-07-01,Jakarta,46623935,1643981655,95126343,18259586
CAM231,2024-07-01,West Java,6027345,218025922,25140215,1359505
CAM231,2024-07-01,Central Java,59264520,2283578303,184293967,18366031
CAM231,2024-07-01,East Java,22138563,575847156,42242795,717363
CAM231,2024-07-01,Bali,10828744,390084582,36606238,5677619
CAM231,2024-07-01,Banten,67393403,2660576964,142731885,6478709
CAM231,2024-07-01,Sumatra,24041595,886193537,78332119,5131880
CAM231,2024-07-01,Kalimantan,45180888,671566837,60947894,11163518
CAM231,2024-07-01,Sulawesi,56032542,1194193283,26483654,2628060
CAM231,2024-07-01,Yogyakarta,37806248,645103312,90568092,15042960
CAM231,2024-08-01,Jakarta,19664536,282132313,6898344,876754
CAM231,2024-08-01,West Java,10154066,404019624,24761856,2382022
CAM231,2024-08-01,Central Java,59064544,2174922670,39285315,1654840
CAM231,2024-08-01,East Java,50309835,704164514,56536693,8952855
CAM231,2024-08-01,Bali,18297528,212052855,25341866,3218558
CAM231,2024-08-01,Banten,22468956,752057838,105849024,8454922
CAM231,2024-08-01,Sumatra,41987454,1081436510,145624408,1543879
CAM231,2024-08-01,Kalimantan,16744698,257010984,35236543,4687977
CAM231,2024-08-01,Sulawesi,36327827,854669736,75391632,793322
CAM231,2024-08-01,Yogyakarta,11576214,355281652,27379345,1843559
CAM231,2024-09-01,Jakarta,15465379,583858251,10250313,1787954
CAM231,2024-09-01,West Java,29542163,563610367,81913815,5205760
CAM231,2024-09-01,Central Java,47159239,1718144626,146190355,28970712
CAM231,2024-09-01,East Java,22823716,505953541,28752867,2166890
CAM231,2024-09-01,Bali,41800718,465776260,61875016,4107960
CAM231,2024-09-01,Banten,76425608,2920675035,360872370,18735242
CAM231,2024-09-01,Sumatra,17991376,320071322,30577452,543005
CAM231,2024-09-01,Kalimantan,72300230,1548889791,127255457,12542640
CAM231,2024-09-01,Sulawesi,53811969,987091104,71621134,6553586
CAM231,2024-09-01,Yogyakarta,29072529,368851609,49162990,8867545
CAM231,2024-10-01,Jakarta,42519403,1266752206,112577315,2611240
CAM231,2024-10-01,West Java,12068806,238354359,33493783,2269826
CAM231,2024-10-01,Central Java,31625872,614707874,60227263,9317707
CAM231,2024-10-01,East Java,35800244,401220947,55812753,2639858
CAM231,2024-10-01,Bali,37492118,1311575954,136447413,5925762
CAM231,2024-10-01,Banten,30664008,531229516,65864515,1983570
CAM231,2024-10-01,Sumatra,11454898,399939869,12257259,1398025
CAM231,2024-10-01,Kalimantan,49309379,1877058493,224964687,30153680
CAM231,2024-10-01,Sulawesi,11416265,357239086,53222630,7982570
CAM231,2024-10-01,Yogyakarta,1738253,49434870,5267502,772994
CAM232,2024-04-01,Jakarta,27269170,1043482600,112209133,6171458
CAM232,2024-04-01,West Java,36427215,1334130561,89013859,1538014
CAM232,2024-04-01,Central Java,3601273,103981955,9544217,1244826
CAM232,2024-04-01,East Java,22009383,289479903,17463651,688476
CAM232,2024-04-01,Bali,7897168,272137154,31395846,5187772
CAM232,2024-04-01,Banten,62098143,1127290145,167990045,7526201
CAM232,2024-04-01,Sumatra,12376422,485897992,72088021,11608320
CAM232,2024-04-01,Kalimantan,46929576,1835820502,197143609,37358462
CAM232,2024-04-01,Sulawesi,19033254,678378248,21015947,3987277
CAM232,2024-04-01,Yogyakarta,56306755,1131978821,124782832,12696188
CAM232,2024-05-01,Jakarta,44881820,1750995471,187172233,10809309
CAM232,2024-05-01,West Java,48303003,1021519296,24820178,4492294
CAM232,2024-05-01,Central Java,15027867,565166187,69387578,2553809
CAM232,2024-05-01,East Java,81481375,1006729810,126374893,14407977
CAM232,2024-05-01,Bali,47164149,1458980150,21554535,3339105
CAM232,2024-05-01,Banten,3509142,50984147,6388333,444599
CAM232,2024-05-01,Sumatra,29934580,993081456,76824990,12284475
CAM232,2024-05-01,Kalimantan,4081062,108335984,15447884,373900
CAM232,2024-05-01,Sulawesi,2574822,75273875,4957462,827177
CAM232,2024-05-01,Yogyakarta,4049462,76942985,7520577,1054255
CAM232,2024-06-01,Jakarta,14334805,290012085,31855979,3491398
CAM232,2024-06-01,West Java,22262567,769108037,50338166,6132972
CAM232,2024-06-01,Central Java,22096087,425809370,54576422,2799943
CAM232,2024-06-01,East Java,1644821,25875624,2100068,102280
CAM232,2024-06-01,Bali,34953348,1090860624,99252967,19591292
CAM232,2024-06-01,Banten,95257220,3124389290,200285532,30668237
CAM232,2024-06-01,Sumatra,27052002,707070106,28650312,3323335
CAM232,2024-06-01,Kalimantan,34352922,911344086,131611742,15124210
CAM232,2024-06-01,Sulawesi,43934476,1016776485,77130515,4856008
CAM232,2024-06-01,Yogyakarta,28944827,793251303,78611956,6040967
CAM232,2024-07-01,Jakarta,22419034,313549301,14242793,256431
CAM232,2024-07-01,West Java,3785234,40070026,1777405,238964
CAM232,2024-07-01,Central Java,4429223,165623103,20003937,1360930
CAM232,2024-07-01,East Java,44216958,538362019,80306296,14078037
CAM232,2024-07-01,Bali,34306260,1033882348,38488867,1847821
CAM232,2024-07-01,Banten,43040916,443313396,52998466,1109262
CAM232,2024-07-01,Sumatra,34170288,1045705738,19018351,1702802
CAM232,2024-07-01,Kalimantan,17027740,239288049,24625338,2686901
CAM232,2024-07-01,Sulawesi,11168654,417492899,5086007,671863
CAM232,2024-07-01,Yogyakarta,2255061,32742661,2266018,368104
CAM233,2024-12-01,Jakarta,18403821,411043805,17595326,1895138
CAM233,2024-12-01,West Java,60550871,2143233559,123017520,19775884
CAM233,2024-12-01,Central Java,15830065,608690263,7258105,679860
CAM233,2024-12-01,East Java,43921800,671240739,98072070,12445386
CAM233,2024-12-01,Bali,4151537,139067879,2942490,108282
CAM233,2024-12-01,Banten,35412513,1083857100,70550384,11079285
CAM233,2024-12-01,Sumatra,38182742,1187134228,166181710,23330995
CAM233,2024-12-01,Kalimantan,24818609,646621706,57389744,8208146
CAM233,2024-12-01,Sulawesi,23706045,283452702,5927849,896089
CAM233,2024-12-01,Yogyakarta,9514852,187823809,13903618,708750
CAM234,2024-11-01,Jakarta,47553921,1823069814,164884769,5530651
CAM234,2024-11-01,West Java,14756657,468774072,7921824,1138511
CAM234,2024-11-01,Central Java,16164841,236359457,30156288,667354
CAM234,2024-11-01,East Java,11578348,171674001,13930638,170281
CAM234,2024-11-01,Bali,23754398,458837269,27743280,2771591
CAM234,2024-11-01,Banten,38782623,609260917,80449548,12383951
CAM234,2024-11-01,Sumatra,18212570,193949677,18068696,3143870
CAM234,2024-11-01,Kalimantan,19286265,245236372,26471673,3894945
CAM234,2024-11-01,Sulawesi,4069256,90534864,8291238,1195102
CAM234,2024-11-01,Yogyakarta,45722687,609319650,64320656,12670755
CAM234,2024-12-01,Jakarta,70859245,1350938917,155507044,26702060
CAM234,2024-12-01,West Java,25908842,1000470430,73149112,2535571
CAM234,2024-12-01,Central Java,8109035,187572435,4356884,656448
CAM234,2024-12-01,East Java,55114601,885571837,94374118,1136012
CAM234,2024-12-01,Bali,15134989,530593491,34305634,416511
CAM234,2024-12-01,Banten,19700704,757888911,107426814,4766105
CAM234,2024-12-01,Sumatra,6483889,218297357,2367016,80865
CAM234,2024-12-01,Kalimantan,20597730,263047301,15883564,986360
CAM234,2024-12-01,Sulawesi,44303291,608246044,37821796,7075593
CAM234,2024-12-01,Yogyakarta,41459585,1283945218,28631955,4162593
CAM235,2024-10-01,Jakarta,36618831,913812191,33102487,4317218
CAM235,2024-10-01,West Java,25479730,274735153,23852859,2934799
CAM235,2024-10-01,Central Java,5227076,95585160,10480054,1312003
CAM235,2024-10-01,East Java,23065263,861765320,98343678,8364347
CAM235,2024-10-01,Bali,2890791,111882418,5980212,434648
CAM235,2024-10-01,Banten,10136733,185191288,10414445,924033
CAM235,2024-10-01,Sumatra,14317343,359541568,44594588,7387724
CAM235,2024-10-01,Kalimantan,15058921,511858207,13735842,462863
CAM235,2024-10-01,Sulawesi,47253584,1255637071,166366674,32937154
CAM235,2024-10-01,Yogyakarta,25279662,824946429,35059772,1463876
CAM235,2024-11-01,Jakarta,23146656,325259372,17590964,1374575
CAM235,2024-11-01,West Java,44475025,1153045689,167932156,30495900
CAM235,2024-11-01,Central Java,28862828,638709554,26991158,1463159
CAM235,2024-11-01,East Java,24925208,741986687,78688159,1120625
CAM235,2024-11-01,Bali,2820932,44376262,4373490,502580
CAM235,2024-11-01,Banten,16862572,492307935,62094292,12396103
CAM235,2024-11-01,Sumatra,33475887,529015684,55759534,10491391
CAM235,2024-11-01,Kalimantan,5989317,86666952,9805588,855505
CAM235,2024-11-01,Sulawesi,4393466,117438036,6618009,498711
CAM235,2024-11-01,Yogyakarta,10722015,215633131,18698084,2935006
CAM236,2024-09-01,Jakarta,25449200,658173072,83994508,1928445
CAM236,2024-09-01,West Java,5122064,149428297,5917035,896974
CAM236,2024-09-01,Central Java,48873467,736455998,84834131,2196541
CAM236,2024-09-01,East Java,30247354,654902138,83984624,909588
CAM236,2024-09-01,Bali,17360786,560839472,8989942,1510268
CAM236,2024-09-01,Banten,58407640,851411427,83657058,1064937
CAM236,2024-09-01,Sumatra,53512143,1387816662,155827941,4350962
CAM236,2024-09-01,Kalimantan,20007284,783857054,101898683,15215754
CAM236,2024-09-01,Sulawesi,37861461,1401873484,77850734,11617772
CAM236,2024-09-01,Yogyakarta,15527570,323467092,4114687,820663
CAM236,2024-10-01,Jakarta,7052753,237795466,9078294,927438
CAM236,2024-10-01,West Java,17491058,583443341,30284854,1517101
CAM236,2024-10-01,Central Java,24292182,913594429,121698797,12393394
CAM236,2024-10-01,East Java,14120317,254545665,21951178,3576855
CAM236,2024-10-01,Bali,9784737,237421889,4668858,668781
CAM236,2024-10-01,Banten,25233322,479770270,65562661,1782805
CAM236,2024-10-01,Sumatra,35680732,1299446069,145572530,4336960
CAM236,2024-10-01,Kalimantan,48836452,535689844,15384142,2011773
CAM236,2024-10-01,Sulawesi,41638243,1316075020,134677633,20953872
CAM236,2024-10-01,Yogyakarta,19971168,746348478,9366646,746022
CAM236,2024-11-01,Jakarta,33242430,357190981,6871399,915552
CAM236,2024-11-01,West Java,50880663,1282331842,69971116,4112288
CAM236,2024-11-01,Central Java,1464076,34366714,1296070,34470
CAM236,2024-11-01,East Java,52877965,2014817671,194469842,3894680
CAM236,2024-11-01,Bali,19693335,592620571,70587757,10440938
CAM236,2024-11-01,Banten,60776681,1871696496,87303493,16212786
CAM236,2024-11-01,Sumatra,14443867,279920355,7900165,1319878
CAM236,2024-11-01,Kalimantan,1557196,27826088,3724827,526619
CAM236,2024-11-01,Sulawesi,27984416,329714885,41613392,1767392
CAM236,2024-11-01,Yogyakarta,21388599,523327944,19788332,726570
CAM237,2023-06-01,Jakarta,13339064,146019885,21433090,1022796
CAM237,2023-06-01,West Java,9236660,114530692,10805221,1854381
CAM237,2023-06-01,Central Java,6007843,131177185,4240786,184297
CAM237,2023-06-01,East Java,32360863,1165103800,100425244,1749475
CAM237,2023-06-01,Bali,43309459,1376638085,107969089,18722863
CAM237,2023-06-01,Banten,13584303,480792445,52482704,8680569
CAM237,2023-06-01,Sumatra,44164837,1184410042,70780337,8357993
CAM237,2023-06-01,Kalimantan,16684832,307389034,8362300,595009
CAM237,2023-06-01,Sulawesi,48374293,1569267360,54183191,4911144
CAM237,2023-06-01,Yogyakarta,4954892,141328837,13432946,678909
CAM237,2023-07-01,Jakarta,41781027,636159808,8072533,1080743
CAM237,2023-07-01,West Java,6848503,193734620,14695834,1347587
CAM237,2023-07-01,Central Java,17753598,672871515,65665456,2952050
CAM237,2023-07-01,East Java,19193508,202042026,19855150,2644940
CAM237,2023-07-01,Bali,22029630,619096395,11088964,1394495
CAM237,2023-07-01,Banten,40068902,1477110748,190621341,37423600
CAM237,2023-07-01,Sumatra,77753465,3008482838,395374044,58610511
CAM237,2023-07-01,Kalimantan,2584571,90790776,7131780,1175140
CAM237,2023-07-01,Sulawesi,17192368,533059713,73639930,1964321
CAM237,2023-07-01,Yogyakarta,70087894,1364343428,81492677,1534318
CAM237,2023-08-01,Jakarta,1860208,23933788,889385,151983
CAM237,2023-08-01,West Java,36317867,567444152,71505142,12507404
CAM237,2023-08-01,Central Java,43019866,1520531087,170885471,25543007
CAM237,2023-08-01,East Java,4826653,57945980,649885,26046
CAM237,2023-08-01,Bali,32793457,1282375637,120056956,6612630
CAM237,2023-08-01,Banten,18155990,717510322,92284095,1382911
CAM237,2023-08-01,Sumatra,64828179,808500586,83994547,11164225
CAM237,2023-08-01,Kalimantan,16584095,209157629,16423543,195200
CAM237,2023-08-01,Sulawesi,68147483,1006235904,58195015,2357296
CAM237,2023-08-01,Yogyakarta,19603354,690277215,97955505,13572647
CAM237,2023-09-01,Jakarta,9440752,229572619,21728467,2977799
CAM237,2023-09-01,West Java,22951240,842942089,18034651,1778011
CAM237,2023-09-01,Central Java,18305345,570395584,71162340,9646620
CAM237,2023-09-01,East Java,998856,20240211,864593,166783
CAM237,2023-09-01,Bali,24710256,936294455,106440938,6820242
CAM237,2023-09-01,Banten,12410175,485637697,40026992,7214896
CAM237,2023-09-01,Sumatra,25561211,296934503,43795655,8027153
CAM237,2023-09-01,Kalimantan,24797566,807600627,109975557,7519957
CAM237,2023-09-01,Sulawesi,33970813,1133177441,73753239,12588777
CAM237,2023-09-01,Yogyakarta,4383241,71021547,3555120,368704
CAM237,2023-10-01,Jakarta,22661413,596975672,33677711,1458016
CAM237,2023-10-01,West Java,32655172,822101331,82421857,15069287
CAM237,2023-10-01,Central Java,15565321,547227047,81268525,8108335
CAM237,2023-10-01,East Java,49214422,1170736287,66025624,8909195
CAM237,2023-10-01,Bali,6190486,66963187,3410650,290575
CAM237,2023-10-01,Banten,20232268,799615389,40655903,3812927
CAM237,2023-10-01,Sumatra,4146869,47481501,4194098,640448
CAM237,2023-10-01,Kalimantan,8554778,89812223,11454030,1811948
CAM237,2023-10-01,Sulawesi,3297298,127468919,8270666,909604
CAM237,2023-10-01,Yogyakarta,19709066,775447412,116045976,18241945
CAM237,2023-11-01,Jakarta,20510000,424596786,62832022,9077622
CAM237,2023-11-01,West Java,9458603,242277409,35796474,3915474
CAM237,2023-11-01,Central Java,4205808,86812557,12028047,2397734
CAM237,2023-11-01,East Java,59877728,1601386834,148442250,16686167
CAM237,2023-11-01,Bali,31922808,960114208,25947754,1569374
CAM237,2023-11-01,Banten,61806946,1617503050,23338929,4343957
CAM237,2023-11-01,Sumatra,31499831,880463377,61780774,6080121
CAM237,2023-11-01,Kalimantan,26167482,343057627,3561632,248103
CAM237,2023-11-01,Sulawesi,5417270,55999238,2341180,171409
CAM237,2023-11-01,Yogyakarta,2854010,77240956,1821728,224167
CAM238,2023-05-01,Jakarta,107794551,1086583065,131860075,10177620
CAM238,2023-05-01,West Java,4379138,86059238,7164792,971588
CAM238,2023-05-01,Central Java,36895764,725116770,38556952,3042914
CAM238,2023-05-01,East Java,93838771,3683144919,394227436,34373255
CAM238,2023-05-01,Bali,27906433,628064790,79114604,7780951
CAM238,2023-05-01,Banten,28991199,1033032153,71134649,9737168
CAM238,2023-05-01,Sumatra,5657655,64211182,904524,114382
CAM238,2023-05-01,Kalimantan,28833251,1063441711,31387231,4634617
CAM238,2023-05-01,Sulawesi,19725564,582846589,55560056,5998927
CAM238,2023-05-01,Yogyakarta,66972270,2659834072,216223321,6921716
CAM238,2023-06-01,Jakarta,19646775,548420166,58702074,5811663
CAM238,2023-06-01,West Java,7351953,91484956,9651446,1545871
CAM238,2023-06-01,Central Java,36777345,955203640,85447962,15830990
CAM238,2023-06-01,East Java,24071773,555830230,56509455,8083905
CAM238,2023-06-01,Bali,35235248,1358187185,24827006,4888805
CAM238,2023-06-01,Banten,67724640,2170565569,43795242,783110
CAM238,2023-06-01,Sumatra,3989287,105402695,4233199,734202
CAM238,2023-06-01,Kalimantan,37224829,1101340967,60330825,3390703
CAM238,2023-06-01,Sulawesi,31825184,878002897,39945104,6606553
CAM238,2023-06-01,Yogyakarta,6023913,139592281,15687471,2921283
CAM238,2023-07-01,Jakarta,42147102,612366643,75253208,7339750
CAM238,2023-07-01,West Java,7107872,133312112,2245556,407619
CAM238,2023-07-01,Central Java,21824413,687285613,92114370,926518
CAM238,2023-07-01,East Java,54989577,896210382,70394938,1898151
CAM238,2023-07-01,Bali,63916920,846617937,105238364,16480152
CAM238,2023-07-01,Banten,26530466,265342962,37267862,4269883
CAM238,2023-07-01,Sumatra,45120360,1211078764,157375984,19804720
CAM238,2023-07-01,Kalimantan,59968312,907540803,125148749,17459404
CAM238,2023-07-01,Sulawesi,66967192,820742982,57454442,3184591
CAM238,2023-07-01,Yogyakarta,52358755,2041432319,150338129,23961111
CAM239,2023-05-01,Jakarta,26298991,454498546,43222621,8397761
CAM239,2023-05-01,West Java,27137426,993491199,37801258,2145407
CAM239,2023-05-01,Central Java,12584309,197991364,13637012,1664002
CAM239,2023-05-01,East Java,10770790,405180068,55961034,4728311
CAM239,2023-05-01,Bali,12996452,388462350,24675743,2188896
CAM239,2023-05-01,Banten,5782073,137290413,14566619,2199175
CAM239,2023-05-01,Sumatra,15616529,514394095,5613214,564910
CAM239,2023-05-01,Kalimantan,21647070,524333028,52564323,9583513
CAM239,2023-05-01,Sulawesi,18347193,723288211,78678964,9357438
CAM239,2023-05-01,Yogyakarta,1130740,30488461,3707668,345702
CAM239,2023-06-01,Jakarta,15350033,496374260,34083239,3488004
CAM239,2023-06-01,West Java,13403298,172961005,14327360,1582757
CAM239,2023-06-01,Central Java,27532977,321007545,29801225,4155569
CAM239,2023-06-01,East Java,33215674,1042092710,86546338,3521531
CAM239,2023-06-01,Bali,9613857,305297757,30211025,4401242
CAM239,2023-06-01,Banten,12340068,176613986,5786242,236877
CAM239,2023-06-01,Sumatra,9651433,328585460,14030574,1389050
CAM239,2023-06-01,Kalimantan,22269907,363078109,18071344,3341117
CAM239,2023-06-01,Sulawesi,10656433,253601429,15972155,837308
CAM239,2023-06-01,Yogyakarta,19224003,350771784,42254501,7283057
CAM239,2023-07-01,Jakarta,10946413,209270354,27299206,1302790
CAM239,2023-07-01,West Java,676230,13384947,910573,86325
CAM239,2023-07-01,Central Java,13714088,504245026,48594839,5354396
CAM239,2023-07-01,East Java,4696253,134884620,9787927,1791171
CAM239,2023-07-01,Bali,10178169,229026089,27596915,2503576
CAM239,2023-07-01,Banten,8146316,227321698,21098052,2659540
CAM239,2023-07-01,Sumatra,11239051,123801868,15287431,527293
CAM239,2023-07-01,Kalimantan,7256061,154258307,2903704,317144
CAM239,2023-07-01,Sulawesi,7996386,169114196,23715480,2230534
CAM239,2023-07-01,Yogyakarta,24398367,957157080,129948510,9136291
CAM239,2023-08-01,Jakarta,23840025,837148855,10149775,1941706
CAM239,2023-08-01,West Java,18614862,231675768,9860027,1901306
CAM239,2023-08-01,Central Java,8065283,283883641,6310068,562977
CAM239,2023-08-01,East Java,5728390,110161335,4341512,186047
CAM239,2023-08-01,Bali,17523307,442735977,22896727,921374
CAM239,2023-08-01,Banten,23492695,481004990,24402854,3032876
CAM239,2023-08-01,Sumatra,13285600,383982995,42359801,8154792
CAM239,2023-08-01,Kalimantan,5223738,113693088,12648130,1502075
CAM239,2023-08-01,Sulawesi,11070936,242150326,6696763,689028
CAM239,2023-08-01,Yogyakarta,6144457,233910757,9788367,858960
